TOURNAMENT_NAME,ROUND_DATE,ELEVATION,TEMPERATURE,PRECIPITATION,WIND_SPEED,WIND_DIRECTION,COURSE_NAME,COURSE_LOCATION,PAR,LENGTH,COURSE_AVERAGE_SCORE,PLAYER_ID,PLAYER_NAME,GIR_PERCENTAGE,BIRDIE_TO_BOGEY_RATIO,AVG_TOTAL_DRIVING_DISTANCE,FIR_PERCENTAGE,SCORING_AVERAGE,SCRAMBLING_PERCENTAGE,AVG_THREE_PUTTS_PER_ROUND,AVG_PUTTS_PER_ROUND,SCORE,TOTAL_SCORE
2022 Fortinet Championship,2022-09-15,11.0,63.0,0.0,11.0,253,Silverado Resort (North Course),"Napa, CA",72,7123,0.0,46435,Austin Cook,64.01,1.29,285.5,66.98,70.75,62.19,0.36,28.55,74,143
2022 Fortinet Championship,2022-09-16,11.0,64.2,0.0,9.1,227,Silverado Resort (North Course),"Napa, CA",72,7123,0.0,46435,Austin Cook,64.01,1.29,285.5,66.98,70.75,62.19,0.36,28.55,69,143
2022 Fortinet Championship,2022-09-15,11.0,63.0,0.0,11.0,253,Silverado Resort (North Course),"Napa, CA",72,7123,0.0,47983,Chad Ramey,65.91,1.24,288.9,64.93,70.68,55.36,0.53,29.04,70,143
2022 Fortinet Championship,2022-09-16,11.0,64.2,0.0,9.1,227,Silverado Resort (North Course),"Napa, CA",72,7123,0.0,47983,Chad Ramey,65.91,1.24,288.9,64.93,70.68,55.36,0.53,29.04,73,143
2022 Fortinet Championship,2022-09-15,11.0,63.0,0.0,11.0,253,Silverado Resort (North Course),"Napa, CA",72,7123,0.0,34563,Chesson Hadley,65.35,1.31,301.8,55.45,70.73,59.12,0.44,28.74,71,143
2022 Fortinet Championship,2022-09-16,11.0,64.2,0.0,9.1,227,Silverado Resort (North Course),"Napa, CA",72,7123,0.0,34563,Chesson Hadley,65.35,1.31,301.8,55.45,70.73,59.12,0.44,28.74,72,143
2022 Fortinet Championship,2022-09-15,11.0,63.0,0.0,11.0,253,Silverado Resort (North Course),"Napa, CA",72,7123,0.0,26476,Chez Reavie,66.54,1.25,283.9,70.43,70.58,60.35,0.53,29.2,73,143
2022 Fortinet Championship,2022-09-16,11.0,64.2,0.0,9.1,227,Silverado Resort (North Course),"Napa, CA",72,7123,0.0,26476,Chez Reavie,66.54,1.25,283.9,70.43,70.58,60.35,0.53,29.2,70,143
2022 Fortinet Championship,2022-09-15,11.0,63.0,0.0,11.0,253,Silverado Resort (North Course),"Napa, CA",72,7123,0.0,54628,Lee Hodges,69.12,1.36,300.3,61.69,70.23,58.61,0.62,29.6,70,143
2022 Fortinet Championship,2022-09-16,11.0,64.2,0.0,9.1,227,Silverado Resort (North Course),"Napa, CA",72,7123,0.0,54628,Lee Hodges,69.12,1.36,300.3,61.69,70.23,58.61,0.62,29.6,73,143
2022 Fortinet Championship,2022-09-15,11.0,63.0,0.0,11.0,253,Silverado Resort (North Course),"Napa, CA",72,7123,0.0,27129,Luke List,69.72,1.24,314.8,55.12,70.54,57.34,0.88,30.0,74,143
2022 Fortinet Championship,2022-09-16,11.0,64.2,0.0,9.1,227,Silverado Resort (North Course),"Napa, CA",72,7123,0.0,27129,Luke List,69.72,1.24,314.8,55.12,70.54,57.34,0.88,30.0,69,143
2022 Fortinet Championship,2022-09-15,11.0,63.0,0.0,11.0,253,Silverado Resort (North Course),"Napa, CA",72,7123,0.0,34466,Peter Malnati,64.29,1.36,297.1,55.22,70.38,58.91,0.42,28.23,73,143
2022 Fortinet Championship,2022-09-16,11.0,64.2,0.0,9.1,227,Silverado Resort (North Course),"Napa, CA",72,7123,0.0,34466,Peter Malnati,64.29,1.36,297.1,55.22,70.38,58.91,0.42,28.23,70,143
2022 Fortinet Championship,2022-09-15,11.0,63.0,0.0,11.0,253,Silverado Resort (North Course),"Napa, CA",72,7123,0.0,37275,Sam Ryder,65.66,1.28,294.0,59.74,70.48,57.72,0.53,28.8,68,143
2022 Fortinet Championship,2022-09-16,11.0,64.2,0.0,9.1,227,Silverado Resort (North Course),"Napa, CA",72,7123,0.0,37275,Sam Ryder,65.66,1.28,294.0,59.74,70.48,57.72,0.53,28.8,75,143
2022 Fortinet Championship,2022-09-15,11.0,63.0,0.0,11.0,253,Silverado Resort (North Course),"Napa, CA",72,7123,0.0,27974,Sung Kang,66.04,1.21,293.9,60.94,70.98,57.06,0.7,29.16,67,143
2022 Fortinet Championship,2022-09-16,11.0,64.2,0.0,9.1,227,Silverado Resort (North Course),"Napa, CA",72,7123,0.0,27974,Sung Kang,66.04,1.21,293.9,60.94,70.98,57.06,0.7,29.16,76,143
2022 Fortinet Championship,2022-09-15,11.0,63.0,0.0,11.0,253,Silverado Resort (North Course),"Napa, CA",72,7123,0.0,45157,Cam Davis,65.31,1.46,308.5,55.74,70.09,59.57,0.37,28.52,74,144
2022 Fortinet Championship,2022-09-16,11.0,64.2,0.0,9.1,227,Silverado Resort (North Course),"Napa, CA",72,7123,0.0,45157,Cam Davis,65.31,1.46,308.5,55.74,70.09,59.57,0.37,28.52,70,144
2022 Fortinet Championship,2022-09-15,11.0,63.0,0.0,11.0,253,Silverado Resort (North Course),"Napa, CA",72,7123,0.0,12716,Charley Hoffman,65.22,1.22,309.6,50.32,70.86,56.48,0.46,29.14,74,144
2022 Fortinet Championship,2022-09-16,11.0,64.2,0.0,9.1,227,Silverado Resort (North Course),"Napa, CA",72,7123,0.0,12716,Charley Hoffman,65.22,1.22,309.6,50.32,70.86,56.48,0.46,29.14,70,144
2022 Fortinet Championship,2022-09-15,11.0,63.0,0.0,11.0,253,Silverado Resort (North Course),"Napa, CA",72,7123,0.0,39997,Corey Conners,71.9,1.57,302.7,66.83,69.7,59.09,0.54,29.74,70,144
2022 Fortinet Championship,2022-09-16,11.0,64.2,0.0,9.1,227,Silverado Resort (North Course),"Napa, CA",72,7123,0.0,39997,Corey Conners,71.9,1.57,302.7,66.83,69.7,59.09,0.54,29.74,74,144
2022 Fortinet Championship,2022-09-15,11.0,63.0,0.0,11.0,253,Silverado Resort (North Course),"Napa, CA",72,7123,0.0,27936,Martin Laird,68.77,1.38,298.0,68.19,70.26,63.34,0.58,29.44,71,144
2022 Fortinet Championship,2022-09-16,11.0,64.2,0.0,9.1,227,Silverado Resort (North Course),"Napa, CA",72,7123,0.0,27936,Martin Laird,68.77,1.38,298.0,68.19,70.26,63.34,0.58,29.44,73,144
2022 Fortinet Championship,2022-09-15,11.0,63.0,0.0,11.0,253,Silverado Resort (North Course),"Napa, CA",72,7123,0.0,46442,Maverick McNealy,66.79,1.51,307.4,57.92,69.75,57.98,0.43,28.42,75,144
2022 Fortinet Championship,2022-09-16,11.0,64.2,0.0,9.1,227,Silverado Resort (North Course),"Napa, CA",72,7123,0.0,46442,Maverick McNealy,66.79,1.51,307.4,57.92,69.75,57.98,0.43,28.42,69,144
2022 Fortinet Championship,2022-09-15,11.0,63.0,0.0,11.0,253,Silverado Resort (North Course),"Napa, CA",72,7123,0.0,47128,Richy Werenski,62.79,1.05,294.9,56.14,71.57,53.79,0.56,28.9,71,144
2022 Fortinet Championship,2022-09-16,11.0,64.2,0.0,9.1,227,Silverado Resort (North Course),"Napa, CA",72,7123,0.0,47128,Richy Werenski,62.79,1.05,294.9,56.14,71.57,53.79,0.56,28.9,73,144
2022 Fortinet Championship,2022-09-15,11.0,63.0,0.0,11.0,253,Silverado Resort (North Course),"Napa, CA",72,7123,0.0,29221,Webb Simpson,64.6,1.28,300.6,64.65,70.17,58.24,0.47,28.44,70,144
2022 Fortinet Championship,2022-09-16,11.0,64.2,0.0,9.1,227,Silverado Resort (North Course),"Napa, CA",72,7123,0.0,29221,Webb Simpson,64.6,1.28,300.6,64.65,70.17,58.24,0.47,28.44,74,144
2022 Fortinet Championship,2022-09-15,11.0,63.0,0.0,11.0,253,Silverado Resort (North Course),"Napa, CA",72,7123,0.0,55708,Hayden Buckley,69.54,1.32,300.1,67.51,70.44,56.71,0.55,29.67,70,145
2022 Fortinet Championship,2022-09-16,11.0,64.2,0.0,9.1,227,Silverado Resort (North Course),"Napa, CA",72,7123,0.0,55708,Hayden Buckley,69.54,1.32,300.1,67.51,70.44,56.71,0.55,29.67,75,145
2022 Fortinet Championship,2022-09-15,11.0,63.0,0.0,11.0,253,Silverado Resort (North Course),"Napa, CA",72,7123,0.0,25686,Jason Dufner,64.11,0.97,292.1,59.37,71.78,54.8,0.7,29.62,72,145
2022 Fortinet Championship,2022-09-16,11.0,64.2,0.0,9.1,227,Silverado Resort (North Course),"Napa, CA",72,7123,0.0,25686,Jason Dufner,64.11,0.97,292.1,59.37,71.78,54.8,0.7,29.62,73,145
2022 Fortinet Championship,2022-09-15,11.0,63.0,0.0,11.0,253,Silverado Resort (North Course),"Napa, CA",72,7123,0.0,32366,Kevin Chappell,66.46,1.16,310.1,51.76,71.13,51.2,0.49,29.22,72,145
2022 Fortinet Championship,2022-09-16,11.0,64.2,0.0,9.1,227,Silverado Resort (North Course),"Napa, CA",72,7123,0.0,32366,Kevin Chappell,66.46,1.16,310.1,51.76,71.13,51.2,0.49,29.22,73,145
2022 Fortinet Championship,2022-09-15,11.0,63.0,0.0,11.0,253,Silverado Resort (North Course),"Napa, CA",72,7123,0.0,36699,Patrick Rodgers,68.17,1.33,309.3,50.98,70.31,59.34,0.48,29.41,77,145
2022 Fortinet Championship,2022-09-16,11.0,64.2,0.0,9.1,227,Silverado Resort (North Course),"Napa, CA",72,7123,0.0,36699,Patrick Rodgers,68.17,1.33,309.3,50.98,70.31,59.34,0.48,29.41,68,145
2022 Fortinet Championship,2022-09-15,11.0,63.0,0.0,11.0,253,Silverado Resort (North Course),"Napa, CA",72,7123,0.0,34431,Robert Streb,64.32,1.21,300.4,59.63,70.41,61.35,0.43,28.83,71,145
2022 Fortinet Championship,2022-09-16,11.0,64.2,0.0,9.1,227,Silverado Resort (North Course),"Napa, CA",72,7123,0.0,34431,Robert Streb,64.32,1.21,300.4,59.63,70.41,61.35,0.43,28.83,74,145
2022 Fortinet Championship,2022-09-15,11.0,63.0,0.0,11.0,253,Silverado Resort (North Course),"Napa, CA",72,7123,0.0,20229,Stewart Cink,68.25,1.18,306.2,59.81,70.69,51.82,0.53,29.56,74,145
2022 Fortinet Championship,2022-09-16,11.0,64.2,0.0,9.1,227,Silverado Resort (North Course),"Napa, CA",72,7123,0.0,20229,Stewart Cink,68.25,1.18,306.2,59.81,70.69,51.82,0.53,29.56,71,145
2022 Fortinet Championship,2022-09-15,11.0,63.0,0.0,11.0,253,Silverado Resort (North Course),"Napa, CA",72,7123,0.0,46601,Trey Mullinax,66.73,1.47,317.2,54.86,70.06,58.45,0.44,28.82,74,145
2022 Fortinet Championship,2022-09-16,11.0,64.2,0.0,9.1,227,Silverado Resort (North Course),"Napa, CA",72,7123,0.0,46601,Trey Mullinax,66.73,1.47,317.2,54.86,70.06,58.45,0.44,28.82,71,145
2022 Fortinet Championship,2022-09-15,11.0,63.0,0.0,11.0,253,Silverado Resort (North Course),"Napa, CA",72,7123,0.0,35449,Adam Long,67.17,1.49,291.6,64.74,69.97,64.23,0.45,28.77,78,146
2022 Fortinet Championship,2022-09-16,11.0,64.2,0.0,9.1,227,Silverado Resort (North Course),"Napa, CA",72,7123,0.0,35449,Adam Long,67.17,1.49,291.6,64.74,69.97,64.23,0.45,28.77,68,146
2022 Fortinet Championship,2022-09-15,11.0,63.0,0.0,11.0,253,Silverado Resort (North Course),"Napa, CA",72,7123,0.0,54783,Dylan Wu,66.58,1.16,296.5,58.86,70.99,57.32,0.49,29.58,73,146
2022 Fortinet Championship,2022-09-16,11.0,64.2,0.0,9.1,227,Silverado Resort (North Course),"Napa, CA",72,7123,0.0,54783,Dylan Wu,66.58,1.16,296.5,58.86,70.99,57.32,0.49,29.58,73,146
2022 Fortinet Championship,2022-09-15,11.0,63.0,0.0,11.0,253,Silverado Resort (North Course),"Napa, CA",72,7123,0.0,34076,Joel Dahmen,67.91,1.29,292.1,67.88,70.41,55.4,0.54,29.53,72,146
2022 Fortinet Championship,2022-09-16,11.0,64.2,0.0,9.1,227,Silverado Resort (North Course),"Napa, CA",72,7123,0.0,34076,Joel Dahmen,67.91,1.29,292.1,67.88,70.41,55.4,0.54,29.53,74,146
2022 Fortinet Championship,2022-09-15,11.0,63.0,0.0,11.0,253,Silverado Resort (North Course),"Napa, CA",72,7123,0.0,34174,John Huh,66.82,1.45,292.0,66.44,69.99,59.5,0.47,28.76,74,146
2022 Fortinet Championship,2022-09-16,11.0,64.2,0.0,9.1,227,Silverado Resort (North Course),"Napa, CA",72,7123,0.0,34174,John Huh,66.82,1.45,292.0,66.44,69.99,59.5,0.47,28.76,72,146
2022 Fortinet Championship,2022-09-15,11.0,63.0,0.0,11.0,253,Silverado Resort (North Course),"Napa, CA",72,7123,0.0,35879,Kelly Kraft,63.45,1.21,289.3,66.56,70.58,57.27,0.32,28.54,75,146
2022 Fortinet Championship,2022-09-16,11.0,64.2,0.0,9.1,227,Silverado Resort (North Course),"Napa, CA",72,7123,0.0,35879,Kelly Kraft,63.45,1.21,289.3,66.56,70.58,57.27,0.32,28.54,71,146
2022 Fortinet Championship,2022-09-15,11.0,63.0,0.0,11.0,253,Silverado Resort (North Course),"Napa, CA",72,7123,0.0,32333,Kevin Tway,64.79,1.12,310.2,50.79,70.83,58.2,0.55,29.13,74,146
2022 Fortinet Championship,2022-09-16,11.0,64.2,0.0,9.1,227,Silverado Resort (North Course),"Napa, CA",72,7123,0.0,32333,Kevin Tway,64.79,1.12,310.2,50.79,70.83,58.2,0.55,29.13,72,146
2022 Fortinet Championship,2022-09-15,11.0,63.0,0.0,11.0,253,Silverado Resort (North Course),"Napa, CA",72,7123,0.0,51950,Max McGreevy,63.58,1.16,289.8,63.62,70.97,57.63,0.43,28.81,75,146
2022 Fortinet Championship,2022-09-16,11.0,64.2,0.0,9.1,227,Silverado Resort (North Course),"Napa, CA",72,7123,0.0,51950,Max McGreevy,63.58,1.16,289.8,63.62,70.97,57.63,0.43,28.81,71,146
2022 Fortinet Championship,2022-09-15,11.0,63.0,0.0,11.0,253,Silverado Resort (North Course),"Napa, CA",72,7123,0.0,52372,Cameron Champ,67.16,1.23,321.4,57.79,71.25,55.59,0.59,29.57,71,147
2022 Fortinet Championship,2022-09-16,11.0,64.2,0.0,9.1,227,Silverado Resort (North Course),"Napa, CA",72,7123,0.0,52372,Cameron Champ,67.16,1.23,321.4,57.79,71.25,55.59,0.59,29.57,76,147
2022 Fortinet Championship,2022-09-15,11.0,63.0,0.0,11.0,253,Silverado Resort (North Course),"Napa, CA",72,7123,0.0,28089,Jason Day,64.72,1.4,301.6,61.19,70.33,59.94,0.37,28.63,74,147
2022 Fortinet Championship,2022-09-16,11.0,64.2,0.0,9.1,227,Silverado Resort (North Course),"Napa, CA",72,7123,0.0,28089,Jason Day,64.72,1.4,301.6,61.19,70.33,59.94,0.37,28.63,73,147
2022 Fortinet Championship,2022-09-15,11.0,63.0,0.0,11.0,253,Silverado Resort (North Course),"Napa, CA",72,7123,0.0,32757,Patton Kizzire,65.56,1.3,303.7,55.89,70.51,59.5,0.58,28.86,75,147
2022 Fortinet Championship,2022-09-16,11.0,64.2,0.0,9.1,227,Silverado Resort (North Course),"Napa, CA",72,7123,0.0,32757,Patton Kizzire,65.56,1.3,303.7,55.89,70.51,59.5,0.58,28.86,72,147
2022 Fortinet Championship,2022-09-15,11.0,63.0,0.0,11.0,253,Silverado Resort (North Course),"Napa, CA",72,7123,0.0,25818,Scott Piercy,62.63,1.24,295.8,56.73,70.51,59.85,0.52,28.27,73,147
2022 Fortinet Championship,2022-09-16,11.0,64.2,0.0,9.1,227,Silverado Resort (North Course),"Napa, CA",72,7123,0.0,25818,Scott Piercy,62.63,1.24,295.8,56.73,70.51,59.85,0.52,28.27,74,147
2022 Fortinet Championship,2022-09-15,11.0,63.0,0.0,11.0,253,Silverado Resort (North Course),"Napa, CA",72,7123,0.0,45609,Tyler Duncan,67.68,1.55,295.1,68.9,69.91,62.47,0.43,28.76,70,147
2022 Fortinet Championship,2022-09-16,11.0,64.2,0.0,9.1,227,Silverado Resort (North Course),"Napa, CA",72,7123,0.0,45609,Tyler Duncan,67.68,1.55,295.1,68.9,69.91,62.47,0.43,28.76,77,147
2022 Fortinet Championship,2022-09-15,11.0,63.0,0.0,11.0,253,Silverado Resort (North Course),"Napa, CA",72,7123,0.0,48699,Callum Tarren,66.91,1.28,312.4,51.83,70.42,57.18,0.55,29.14,73,148
2022 Fortinet Championship,2022-09-16,11.0,64.2,0.0,9.1,227,Silverado Resort (North Course),"Napa, CA",72,7123,0.0,48699,Callum Tarren,66.91,1.28,312.4,51.83,70.42,57.18,0.55,29.14,75,148
2022 Fortinet Championship,2022-09-15,11.0,63.0,0.0,11.0,253,Silverado Resort (North Course),"Napa, CA",72,7123,0.0,54421,Garrick Higgo,63.79,0.92,305.0,56.97,72.03,45.77,0.53,29.78,75,148
2022 Fortinet Championship,2022-09-16,11.0,64.2,0.0,9.1,227,Silverado Resort (North Course),"Napa, CA",72,7123,0.0,54421,Garrick Higgo,63.79,0.92,305.0,56.97,72.03,45.77,0.53,29.78,73,148
2022 Fortinet Championship,2022-09-15,11.0,63.0,0.0,11.0,253,Silverado Resort (North Course),"Napa, CA",72,7123,0.0,33597,Harry Higgs,61.39,1.08,301.8,55.52,71.16,60.61,0.41,28.66,71,148
2022 Fortinet Championship,2022-09-16,11.0,64.2,0.0,9.1,227,Silverado Resort (North Course),"Napa, CA",72,7123,0.0,33597,Harry Higgs,61.39,1.08,301.8,55.52,71.16,60.61,0.41,28.66,77,148
2022 Fortinet Championship,2022-09-15,11.0,63.0,0.0,11.0,253,Silverado Resort (North Course),"Napa, CA",72,7123,0.0,19803,Ryan Armour,67.56,1.24,286.3,73.95,70.54,61.3,0.44,29.34,75,148
2022 Fortinet Championship,2022-09-16,11.0,64.2,0.0,9.1,227,Silverado Resort (North Course),"Napa, CA",72,7123,0.0,19803,Ryan Armour,67.56,1.24,286.3,73.95,70.54,61.3,0.44,29.34,73,148
2022 Fortinet Championship,2022-09-15,11.0,63.0,0.0,11.0,253,Silverado Resort (North Course),"Napa, CA",72,7123,0.0,29289,S.Y. Noh,67.11,1.33,299.2,50.29,70.75,55.76,0.48,29.05,71,148
2022 Fortinet Championship,2022-09-16,11.0,64.2,0.0,9.1,227,Silverado Resort (North Course),"Napa, CA",72,7123,0.0,29289,S.Y. Noh,67.11,1.33,299.2,50.29,70.75,55.76,0.48,29.05,77,148
2022 Fortinet Championship,2022-09-15,11.0,63.0,0.0,11.0,253,Silverado Resort (North Course),"Napa, CA",72,7123,0.0,29518,Brendan Steele,69.33,1.31,307.8,61.39,70.4,60.55,0.62,29.71,77,149
2022 Fortinet Championship,2022-09-16,11.0,64.2,0.0,9.1,227,Silverado Resort (North Course),"Napa, CA",72,7123,0.0,29518,Brendan Steele,69.33,1.31,307.8,61.39,70.4,60.55,0.62,29.71,72,149
2022 Fortinet Championship,2022-09-15,11.0,63.0,0.0,11.0,253,Silverado Resort (North Course),"Napa, CA",72,7123,0.0,52374,Brandon Wu,69.22,1.37,295.3,62.12,70.31,57.8,0.58,29.54,73,150
2022 Fortinet Championship,2022-09-16,11.0,64.2,0.0,9.1,227,Silverado Resort (North Course),"Napa, CA",72,7123,0.0,52374,Brandon Wu,69.22,1.37,295.3,62.12,70.31,57.8,0.58,29.54,77,150
2022 Fortinet Championship,2022-09-15,11.0,63.0,0.0,11.0,253,Silverado Resort (North Course),"Napa, CA",72,7123,0.0,47995,Davis Riley,66.96,1.5,307.6,61.93,69.89,57.78,0.47,28.55,78,150
2022 Fortinet Championship,2022-09-16,11.0,64.2,0.0,9.1,227,Silverado Resort (North Course),"Napa, CA",72,7123,0.0,47995,Davis Riley,66.96,1.5,307.6,61.93,69.89,57.78,0.47,28.55,72,150
2022 Fortinet Championship,2022-09-15,11.0,63.0,0.0,11.0,253,Silverado Resort (North Course),"Napa, CA",72,7123,0.0,51894,Vince Whaley,63.79,1.42,302.0,51.57,70.08,58.12,0.31,28.31,73,150
2022 Fortinet Championship,2022-09-16,11.0,64.2,0.0,9.1,227,Silverado Resort (North Course),"Napa, CA",72,7123,0.0,51894,Vince Whaley,63.79,1.42,302.0,51.57,70.08,58.12,0.31,28.31,77,150
2022 Fortinet Championship,2022-09-15,11.0,63.0,0.0,11.0,253,Silverado Resort (North Course),"Napa, CA",72,7123,0.0,36326,David Lipsky,68.12,1.3,295.2,65.24,70.34,56.83,0.58,29.38,69,151
2022 Fortinet Championship,2022-09-16,11.0,64.2,0.0,9.1,227,Silverado Resort (North Course),"Napa, CA",72,7123,0.0,36326,David Lipsky,68.12,1.3,295.2,65.24,70.34,56.83,0.58,29.38,82,151
2022 Fortinet Championship,2022-09-15,11.0,63.0,0.0,11.0,253,Silverado Resort (North Course),"Napa, CA",72,7123,0.0,29970,Dylan Frittelli,64.64,1.2,304.1,50.5,70.69,59.29,0.56,28.8,75,151
2022 Fortinet Championship,2022-09-16,11.0,64.2,0.0,9.1,227,Silverado Resort (North Course),"Napa, CA",72,7123,0.0,29970,Dylan Frittelli,64.64,1.2,304.1,50.5,70.69,59.29,0.56,28.8,76,151
2022 Fortinet Championship,2022-09-15,11.0,63.0,0.0,11.0,253,Silverado Resort (North Course),"Napa, CA",72,7123,0.0,32662,Michael Gligic,67.29,1.35,301.2,59.35,70.45,59.09,0.48,29.06,76,151
2022 Fortinet Championship,2022-09-16,11.0,64.2,0.0,9.1,227,Silverado Resort (North Course),"Napa, CA",72,7123,0.0,32662,Michael Gligic,67.29,1.35,301.2,59.35,70.45,59.09,0.48,29.06,75,151
2022 Fortinet Championship,2022-09-15,11.0,63.0,0.0,11.0,253,Silverado Resort (North Course),"Napa, CA",72,7123,0.0,29926,Danny Lee,61.86,1.19,297.8,55.43,70.9,56.02,0.46,28.4,72,152
2022 Fortinet Championship,2022-09-16,11.0,64.2,0.0,9.1,227,Silverado Resort (North Course),"Napa, CA",72,7123,0.0,29926,Danny Lee,61.86,1.19,297.8,55.43,70.9,56.02,0.46,28.4,80,152
2022 Fortinet Championship,2022-09-15,11.0,63.0,0.0,11.0,253,Silverado Resort (North Course),"Napa, CA",72,7123,0.0,53165,Doc Redman,67.3,1.22,294.8,60.18,70.68,56.34,0.51,29.37,74,152
2022 Fortinet Championship,2022-09-16,11.0,64.2,0.0,9.1,227,Silverado Resort (North Course),"Napa, CA",72,7123,0.0,53165,Doc Redman,67.3,1.22,294.8,60.18,70.68,56.34,0.51,29.37,78,152
2022 Fortinet Championship,2022-09-15,11.0,63.0,0.0,11.0,253,Silverado Resort (North Course),"Napa, CA",72,7123,0.0,30163,Henrik Norlander,68.13,1.19,291.0,62.35,70.71,57.63,0.51,29.61,75,152
2022 Fortinet Championship,2022-09-16,11.0,64.2,0.0,9.1,227,Silverado Resort (North Course),"Napa, CA",72,7123,0.0,30163,Henrik Norlander,68.13,1.19,291.0,62.35,70.71,57.63,0.51,29.61,77,152
2022 Fortinet Championship,2022-09-15,11.0,63.0,0.0,11.0,253,Silverado Resort (North Course),"Napa, CA",72,7123,0.0,31557,Jim Herman,67.65,1.07,291.8,68.27,71.14,56.57,0.57,29.86,71,153
2022 Fortinet Championship,2022-09-16,11.0,64.2,0.0,9.1,227,Silverado Resort (North Course),"Napa, CA",72,7123,0.0,31557,Jim Herman,67.65,1.07,291.8,68.27,71.14,56.57,0.57,29.86,82,153
2022 Fortinet Championship,2022-09-15,11.0,63.0,0.0,11.0,253,Silverado Resort (North Course),"Napa, CA",72,7123,0.0,39977,Max Homa,65.99,1.47,306.3,60.63,69.87,59.96,0.43,28.57,65,272
2022 Fortinet Championship,2022-09-16,11.0,64.2,0.0,9.1,227,Silverado Resort (North Course),"Napa, CA",72,7123,0.0,39977,Max Homa,65.99,1.47,306.3,60.63,69.87,59.96,0.43,28.57,67,272
2022 Fortinet Championship,2022-09-17,11.0,63.4,0.0,14.1,238,Silverado Resort (North Course),"Napa, CA",72,7123,0.0,39977,Max Homa,65.99,1.47,306.3,60.63,69.87,59.96,0.43,28.57,72,272
2022 Fortinet Championship,2022-09-18,11.0,62.1,1.421,11.6,165,Silverado Resort (North Course),"Napa, CA",72,7123,0.0,39977,Max Homa,65.99,1.47,306.3,60.63,69.87,59.96,0.43,28.57,68,272
2022 Fortinet Championship,2022-09-15,11.0,63.0,0.0,11.0,253,Silverado Resort (North Course),"Napa, CA",72,7123,0.0,32139,Danny Willett,64.52,1.19,297.2,61.55,70.94,60.61,0.53,28.89,68,273
2022 Fortinet Championship,2022-09-16,11.0,64.2,0.0,9.1,227,Silverado Resort (North Course),"Napa, CA",72,7123,0.0,32139,Danny Willett,64.52,1.19,297.2,61.55,70.94,60.61,0.53,28.89,64,273
2022 Fortinet Championship,2022-09-17,11.0,63.4,0.0,14.1,238,Silverado Resort (North Course),"Napa, CA",72,7123,0.0,32139,Danny Willett,64.52,1.19,297.2,61.55,70.94,60.61,0.53,28.89,72,273
2022 Fortinet Championship,2022-09-18,11.0,62.1,1.421,11.6,165,Silverado Resort (North Course),"Napa, CA",72,7123,0.0,32139,Danny Willett,64.52,1.19,297.2,61.55,70.94,60.61,0.53,28.89,69,273
2022 Fortinet Championship,2022-09-15,11.0,63.0,0.0,11.0,253,Silverado Resort (North Course),"Napa, CA",72,7123,0.0,40162,Justin Lower,67.36,1.34,294.2,60.26,70.39,58.39,0.53,28.88,63,276
2022 Fortinet Championship,2022-09-16,11.0,64.2,0.0,9.1,227,Silverado Resort (North Course),"Napa, CA",72,7123,0.0,40162,Justin Lower,67.36,1.34,294.2,60.26,70.39,58.39,0.53,28.88,71,276
2022 Fortinet Championship,2022-09-17,11.0,63.4,0.0,14.1,238,Silverado Resort (North Course),"Napa, CA",72,7123,0.0,40162,Justin Lower,67.36,1.34,294.2,60.26,70.39,58.39,0.53,28.88,69,276
2022 Fortinet Championship,2022-09-18,11.0,62.1,1.421,11.6,165,Silverado Resort (North Course),"Napa, CA",72,7123,0.0,40162,Justin Lower,67.36,1.34,294.2,60.26,70.39,58.39,0.53,28.88,73,276
2022 Fortinet Championship,2022-09-15,11.0,63.0,0.0,11.0,253,Silverado Resort (North Course),"Napa, CA",72,7123,0.0,25493,Nick Taylor,65.21,1.17,296.1,58.29,70.73,60.07,0.63,28.94,67,277
2022 Fortinet Championship,2022-09-16,11.0,64.2,0.0,9.1,227,Silverado Resort (North Course),"Napa, CA",72,7123,0.0,25493,Nick Taylor,65.21,1.17,296.1,58.29,70.73,60.07,0.63,28.94,75,277
2022 Fortinet Championship,2022-09-17,11.0,63.4,0.0,14.1,238,Silverado Resort (North Course),"Napa, CA",72,7123,0.0,25493,Nick Taylor,65.21,1.17,296.1,58.29,70.73,60.07,0.63,28.94,67,277
2022 Fortinet Championship,2022-09-18,11.0,62.1,1.421,11.6,165,Silverado Resort (North Course),"Napa, CA",72,7123,0.0,25493,Nick Taylor,65.21,1.17,296.1,58.29,70.73,60.07,0.63,28.94,68,277
2022 Fortinet Championship,2022-09-15,11.0,63.0,0.0,11.0,253,Silverado Resort (North Course),"Napa, CA",72,7123,0.0,32102,Rickie Fowler,62.21,1.11,309.4,57.91,70.99,56.94,0.37,28.69,67,277
2022 Fortinet Championship,2022-09-16,11.0,64.2,0.0,9.1,227,Silverado Resort (North Course),"Napa, CA",72,7123,0.0,32102,Rickie Fowler,62.21,1.11,309.4,57.91,70.99,56.94,0.37,28.69,72,277
2022 Fortinet Championship,2022-09-17,11.0,63.4,0.0,14.1,238,Silverado Resort (North Course),"Napa, CA",72,7123,0.0,32102,Rickie Fowler,62.21,1.11,309.4,57.91,70.99,56.94,0.37,28.69,69,277
2022 Fortinet Championship,2022-09-18,11.0,62.1,1.421,11.6,165,Silverado Resort (North Course),"Napa, CA",72,7123,0.0,32102,Rickie Fowler,62.21,1.11,309.4,57.91,70.99,56.94,0.37,28.69,69,277
2022 Fortinet Championship,2022-09-15,11.0,63.0,0.0,11.0,253,Silverado Resort (North Course),"Napa, CA",72,7123,0.0,51634,Sahith Theegala,66.47,1.52,304.3,54.04,70.01,63.05,0.41,28.79,67,277
2022 Fortinet Championship,2022-09-16,11.0,64.2,0.0,9.1,227,Silverado Resort (North Course),"Napa, CA",72,7123,0.0,51634,Sahith Theegala,66.47,1.52,304.3,54.04,70.01,63.05,0.41,28.79,69,277
2022 Fortinet Championship,2022-09-17,11.0,63.4,0.0,14.1,238,Silverado Resort (North Course),"Napa, CA",72,7123,0.0,51634,Sahith Theegala,66.47,1.52,304.3,54.04,70.01,63.05,0.41,28.79,71,277
2022 Fortinet Championship,2022-09-18,11.0,62.1,1.421,11.6,165,Silverado Resort (North Course),"Napa, CA",72,7123,0.0,51634,Sahith Theegala,66.47,1.52,304.3,54.04,70.01,63.05,0.41,28.79,70,277
2022 Fortinet Championship,2022-09-15,11.0,63.0,0.0,11.0,253,Silverado Resort (North Course),"Napa, CA",72,7123,0.0,30927,Brendon Todd,64.99,1.45,279.0,69.31,69.98,64.44,0.42,28.28,71,278
2022 Fortinet Championship,2022-09-16,11.0,64.2,0.0,9.1,227,Silverado Resort (North Course),"Napa, CA",72,7123,0.0,30927,Brendon Todd,64.99,1.45,279.0,69.31,69.98,64.44,0.42,28.28,71,278
2022 Fortinet Championship,2022-09-17,11.0,63.4,0.0,14.1,238,Silverado Resort (North Course),"Napa, CA",72,7123,0.0,30927,Brendon Todd,64.99,1.45,279.0,69.31,69.98,64.44,0.42,28.28,68,278
2022 Fortinet Championship,2022-09-18,11.0,62.1,1.421,11.6,165,Silverado Resort (North Course),"Napa, CA",72,7123,0.0,30927,Brendon Todd,64.99,1.45,279.0,69.31,69.98,64.44,0.42,28.28,68,278
2022 Fortinet Championship,2022-09-15,11.0,63.0,0.0,11.0,253,Silverado Resort (North Course),"Napa, CA",72,7123,0.0,40115,Adam Svensson,67.44,1.39,293.4,64.1,70.15,56.48,0.52,28.94,68,279
2022 Fortinet Championship,2022-09-16,11.0,64.2,0.0,9.1,227,Silverado Resort (North Course),"Napa, CA",72,7123,0.0,40115,Adam Svensson,67.44,1.39,293.4,64.1,70.15,56.48,0.52,28.94,71,279
2022 Fortinet Championship,2022-09-17,11.0,63.4,0.0,14.1,238,Silverado Resort (North Course),"Napa, CA",72,7123,0.0,40115,Adam Svensson,67.44,1.39,293.4,64.1,70.15,56.48,0.52,28.94,67,279
2022 Fortinet Championship,2022-09-18,11.0,62.1,1.421,11.6,165,Silverado Resort (North Course),"Napa, CA",72,7123,0.0,40115,Adam Svensson,67.44,1.39,293.4,64.1,70.15,56.48,0.52,28.94,73,279
2022 Fortinet Championship,2022-09-15,11.0,63.0,0.0,11.0,253,Silverado Resort (North Course),"Napa, CA",72,7123,0.0,31560,Brian Stuard,64.98,1.17,277.4,71.32,70.79,61.85,0.54,28.91,68,279
2022 Fortinet Championship,2022-09-16,11.0,64.2,0.0,9.1,227,Silverado Resort (North Course),"Napa, CA",72,7123,0.0,31560,Brian Stuard,64.98,1.17,277.4,71.32,70.79,61.85,0.54,28.91,69,279
2022 Fortinet Championship,2022-09-17,11.0,63.4,0.0,14.1,238,Silverado Resort (North Course),"Napa, CA",72,7123,0.0,31560,Brian Stuard,64.98,1.17,277.4,71.32,70.79,61.85,0.54,28.91,71,279
2022 Fortinet Championship,2022-09-18,11.0,62.1,1.421,11.6,165,Silverado Resort (North Course),"Napa, CA",72,7123,0.0,31560,Brian Stuard,64.98,1.17,277.4,71.32,70.79,61.85,0.54,28.91,71,279
2022 Fortinet Championship,2022-09-15,11.0,63.0,0.0,11.0,253,Silverado Resort (North Course),"Napa, CA",72,7123,0.0,34255,Joseph Bramlett,68.86,1.19,318.3,52.45,70.93,52.86,0.62,30.0,68,279
2022 Fortinet Championship,2022-09-16,11.0,64.2,0.0,9.1,227,Silverado Resort (North Course),"Napa, CA",72,7123,0.0,34255,Joseph Bramlett,68.86,1.19,318.3,52.45,70.93,52.86,0.62,30.0,71,279
2022 Fortinet Championship,2022-09-17,11.0,63.4,0.0,14.1,238,Silverado Resort (North Course),"Napa, CA",72,7123,0.0,34255,Joseph Bramlett,68.86,1.19,318.3,52.45,70.93,52.86,0.62,30.0,70,279
2022 Fortinet Championship,2022-09-18,11.0,62.1,1.421,11.6,165,Silverado Resort (North Course),"Napa, CA",72,7123,0.0,34255,Joseph Bramlett,68.86,1.19,318.3,52.45,70.93,52.86,0.62,30.0,70,279
2022 Fortinet Championship,2022-09-15,11.0,63.0,0.0,11.0,253,Silverado Resort (North Course),"Napa, CA",72,7123,0.0,23108,Matt Kuchar,63.93,1.63,287.9,63.45,69.77,69.2,0.41,27.86,68,279
2022 Fortinet Championship,2022-09-16,11.0,64.2,0.0,9.1,227,Silverado Resort (North Course),"Napa, CA",72,7123,0.0,23108,Matt Kuchar,63.93,1.63,287.9,63.45,69.77,69.2,0.41,27.86,68,279
2022 Fortinet Championship,2022-09-17,11.0,63.4,0.0,14.1,238,Silverado Resort (North Course),"Napa, CA",72,7123,0.0,23108,Matt Kuchar,63.93,1.63,287.9,63.45,69.77,69.2,0.41,27.86,70,279
2022 Fortinet Championship,2022-09-18,11.0,62.1,1.421,11.6,165,Silverado Resort (North Course),"Napa, CA",72,7123,0.0,23108,Matt Kuchar,63.93,1.63,287.9,63.45,69.77,69.2,0.41,27.86,73,279
2022 Fortinet Championship,2022-09-15,11.0,63.0,0.0,11.0,253,Silverado Resort (North Course),"Napa, CA",72,7123,0.0,35532,Tom Hoge,66.32,1.53,298.1,61.56,69.94,64.26,0.55,28.64,69,279
2022 Fortinet Championship,2022-09-16,11.0,64.2,0.0,9.1,227,Silverado Resort (North Course),"Napa, CA",72,7123,0.0,35532,Tom Hoge,66.32,1.53,298.1,61.56,69.94,64.26,0.55,28.64,70,279
2022 Fortinet Championship,2022-09-17,11.0,63.4,0.0,14.1,238,Silverado Resort (North Course),"Napa, CA",72,7123,0.0,35532,Tom Hoge,66.32,1.53,298.1,61.56,69.94,64.26,0.55,28.64,70,279
2022 Fortinet Championship,2022-09-18,11.0,62.1,1.421,11.6,165,Silverado Resort (North Course),"Napa, CA",72,7123,0.0,35532,Tom Hoge,66.32,1.53,298.1,61.56,69.94,64.26,0.55,28.64,70,279
2022 Fortinet Championship,2022-09-15,11.0,63.0,0.0,11.0,253,Silverado Resort (North Course),"Napa, CA",72,7123,0.0,36801,Mark Hubbard,68.3,1.69,288.3,62.78,69.53,63.92,0.4,28.71,70,280
2022 Fortinet Championship,2022-09-16,11.0,64.2,0.0,9.1,227,Silverado Resort (North Course),"Napa, CA",72,7123,0.0,36801,Mark Hubbard,68.3,1.69,288.3,62.78,69.53,63.92,0.4,28.71,70,280
2022 Fortinet Championship,2022-09-17,11.0,63.4,0.0,14.1,238,Silverado Resort (North Course),"Napa, CA",72,7123,0.0,36801,Mark Hubbard,68.3,1.69,288.3,62.78,69.53,63.92,0.4,28.71,67,280
2022 Fortinet Championship,2022-09-18,11.0,62.1,1.421,11.6,165,Silverado Resort (North Course),"Napa, CA",72,7123,0.0,36801,Mark Hubbard,68.3,1.69,288.3,62.78,69.53,63.92,0.4,28.71,73,280
2022 Fortinet Championship,2022-09-15,11.0,63.0,0.0,11.0,253,Silverado Resort (North Course),"Napa, CA",72,7123,0.0,48887,Matt Wallace,65.97,1.15,303.7,58.98,70.96,54.81,0.45,29.38,70,280
2022 Fortinet Championship,2022-09-16,11.0,64.2,0.0,9.1,227,Silverado Resort (North Course),"Napa, CA",72,7123,0.0,48887,Matt Wallace,65.97,1.15,303.7,58.98,70.96,54.81,0.45,29.38,71,280
2022 Fortinet Championship,2022-09-17,11.0,63.4,0.0,14.1,238,Silverado Resort (North Course),"Napa, CA",72,7123,0.0,48887,Matt Wallace,65.97,1.15,303.7,58.98,70.96,54.81,0.45,29.38,72,280
2022 Fortinet Championship,2022-09-18,11.0,62.1,1.421,11.6,165,Silverado Resort (North Course),"Napa, CA",72,7123,0.0,48887,Matt Wallace,65.97,1.15,303.7,58.98,70.96,54.81,0.45,29.38,67,280
2022 Fortinet Championship,2022-09-15,11.0,63.0,0.0,11.0,253,Silverado Resort (North Course),"Napa, CA",72,7123,0.0,50095,Austin Smotherman,68.47,1.36,304.6,63.1,70.51,57.21,0.49,29.36,71,281
2022 Fortinet Championship,2022-09-16,11.0,64.2,0.0,9.1,227,Silverado Resort (North Course),"Napa, CA",72,7123,0.0,50095,Austin Smotherman,68.47,1.36,304.6,63.1,70.51,57.21,0.49,29.36,69,281
2022 Fortinet Championship,2022-09-17,11.0,63.4,0.0,14.1,238,Silverado Resort (North Course),"Napa, CA",72,7123,0.0,50095,Austin Smotherman,68.47,1.36,304.6,63.1,70.51,57.21,0.49,29.36,67,281
2022 Fortinet Championship,2022-09-18,11.0,62.1,1.421,11.6,165,Silverado Resort (North Course),"Napa, CA",72,7123,0.0,50095,Austin Smotherman,68.47,1.36,304.6,63.1,70.51,57.21,0.49,29.36,74,281
2022 Fortinet Championship,2022-09-15,11.0,63.0,0.0,11.0,253,Silverado Resort (North Course),"Napa, CA",72,7123,0.0,35461,Beau Hossler,63.49,1.2,309.3,52.09,71.06,58.7,0.33,28.44,70,281
2022 Fortinet Championship,2022-09-16,11.0,64.2,0.0,9.1,227,Silverado Resort (North Course),"Napa, CA",72,7123,0.0,35461,Beau Hossler,63.49,1.2,309.3,52.09,71.06,58.7,0.33,28.44,72,281
2022 Fortinet Championship,2022-09-17,11.0,63.4,0.0,14.1,238,Silverado Resort (North Course),"Napa, CA",72,7123,0.0,35461,Beau Hossler,63.49,1.2,309.3,52.09,71.06,58.7,0.33,28.44,69,281
2022 Fortinet Championship,2022-09-18,11.0,62.1,1.421,11.6,165,Silverado Resort (North Course),"Napa, CA",72,7123,0.0,35461,Beau Hossler,63.49,1.2,309.3,52.09,71.06,58.7,0.33,28.44,70,281
2022 Fortinet Championship,2022-09-15,11.0,63.0,0.0,11.0,253,Silverado Resort (North Course),"Napa, CA",72,7123,0.0,22056,Cameron Percy,66.79,1.44,292.3,61.41,70.18,60.84,0.41,28.77,74,281
2022 Fortinet Championship,2022-09-16,11.0,64.2,0.0,9.1,227,Silverado Resort (North Course),"Napa, CA",72,7123,0.0,22056,Cameron Percy,66.79,1.44,292.3,61.41,70.18,60.84,0.41,28.77,68,281
2022 Fortinet Championship,2022-09-17,11.0,63.4,0.0,14.1,238,Silverado Resort (North Course),"Napa, CA",72,7123,0.0,22056,Cameron Percy,66.79,1.44,292.3,61.41,70.18,60.84,0.41,28.77,72,281
2022 Fortinet Championship,2022-09-18,11.0,62.1,1.421,11.6,165,Silverado Resort (North Course),"Napa, CA",72,7123,0.0,22056,Cameron Percy,66.79,1.44,292.3,61.41,70.18,60.84,0.41,28.77,67,281
2022 Fortinet Championship,2022-09-15,11.0,63.0,0.0,11.0,253,Silverado Resort (North Course),"Napa, CA",72,7123,0.0,47993,Denny McCarthy,65.33,1.48,291.6,64.49,69.81,65.54,0.39,28.43,71,281
2022 Fortinet Championship,2022-09-16,11.0,64.2,0.0,9.1,227,Silverado Resort (North Course),"Napa, CA",72,7123,0.0,47993,Denny McCarthy,65.33,1.48,291.6,64.49,69.81,65.54,0.39,28.43,70,281
2022 Fortinet Championship,2022-09-17,11.0,63.4,0.0,14.1,238,Silverado Resort (North Course),"Napa, CA",72,7123,0.0,47993,Denny McCarthy,65.33,1.48,291.6,64.49,69.81,65.54,0.39,28.43,69,281
2022 Fortinet Championship,2022-09-18,11.0,62.1,1.421,11.6,165,Silverado Resort (North Course),"Napa, CA",72,7123,0.0,47993,Denny McCarthy,65.33,1.48,291.6,64.49,69.81,65.54,0.39,28.43,71,281
2022 Fortinet Championship,2022-09-15,11.0,63.0,0.0,11.0,253,Silverado Resort (North Course),"Napa, CA",72,7123,0.0,31646,Emiliano Grillo,67.92,1.47,305.6,64.07,70.13,57.94,0.49,29.29,67,281
2022 Fortinet Championship,2022-09-16,11.0,64.2,0.0,9.1,227,Silverado Resort (North Course),"Napa, CA",72,7123,0.0,31646,Emiliano Grillo,67.92,1.47,305.6,64.07,70.13,57.94,0.49,29.29,72,281
2022 Fortinet Championship,2022-09-17,11.0,63.4,0.0,14.1,238,Silverado Resort (North Course),"Napa, CA",72,7123,0.0,31646,Emiliano Grillo,67.92,1.47,305.6,64.07,70.13,57.94,0.49,29.29,73,281
2022 Fortinet Championship,2022-09-18,11.0,62.1,1.421,11.6,165,Silverado Resort (North Course),"Napa, CA",72,7123,0.0,31646,Emiliano Grillo,67.92,1.47,305.6,64.07,70.13,57.94,0.49,29.29,69,281
2022 Fortinet Championship,2022-09-15,11.0,63.0,0.0,11.0,253,Silverado Resort (North Course),"Napa, CA",72,7123,0.0,32839,Hideki Matsuyama,68.29,1.77,304.7,59.37,69.49,64.23,0.53,28.71,69,281
2022 Fortinet Championship,2022-09-16,11.0,64.2,0.0,9.1,227,Silverado Resort (North Course),"Napa, CA",72,7123,0.0,32839,Hideki Matsuyama,68.29,1.77,304.7,59.37,69.49,64.23,0.53,28.71,72,281
2022 Fortinet Championship,2022-09-17,11.0,63.4,0.0,14.1,238,Silverado Resort (North Course),"Napa, CA",72,7123,0.0,32839,Hideki Matsuyama,68.29,1.77,304.7,59.37,69.49,64.23,0.53,28.71,75,281
2022 Fortinet Championship,2022-09-18,11.0,62.1,1.421,11.6,165,Silverado Resort (North Course),"Napa, CA",72,7123,0.0,32839,Hideki Matsuyama,68.29,1.77,304.7,59.37,69.49,64.23,0.53,28.71,65,281
2022 Fortinet Championship,2022-09-15,11.0,63.0,0.0,11.0,253,Silverado Resort (North Course),"Napa, CA",72,7123,0.0,49298,Kramer Hickok,65.93,1.12,294.5,65.76,70.74,57.17,0.62,29.43,71,281
2022 Fortinet Championship,2022-09-16,11.0,64.2,0.0,9.1,227,Silverado Resort (North Course),"Napa, CA",72,7123,0.0,49298,Kramer Hickok,65.93,1.12,294.5,65.76,70.74,57.17,0.62,29.43,70,281
2022 Fortinet Championship,2022-09-17,11.0,63.4,0.0,14.1,238,Silverado Resort (North Course),"Napa, CA",72,7123,0.0,49298,Kramer Hickok,65.93,1.12,294.5,65.76,70.74,57.17,0.62,29.43,68,281
2022 Fortinet Championship,2022-09-18,11.0,62.1,1.421,11.6,165,Silverado Resort (North Course),"Napa, CA",72,7123,0.0,49298,Kramer Hickok,65.93,1.12,294.5,65.76,70.74,57.17,0.62,29.43,72,281
2022 Fortinet Championship,2022-09-15,11.0,63.0,0.0,11.0,253,Silverado Resort (North Course),"Napa, CA",72,7123,0.0,35506,Mackenzie Hughes,62.8,1.17,298.0,57.53,70.68,59.74,0.54,28.62,70,281
2022 Fortinet Championship,2022-09-16,11.0,64.2,0.0,9.1,227,Silverado Resort (North Course),"Napa, CA",72,7123,0.0,35506,Mackenzie Hughes,62.8,1.17,298.0,57.53,70.68,59.74,0.54,28.62,71,281
2022 Fortinet Championship,2022-09-17,11.0,63.4,0.0,14.1,238,Silverado Resort (North Course),"Napa, CA",72,7123,0.0,35506,Mackenzie Hughes,62.8,1.17,298.0,57.53,70.68,59.74,0.54,28.62,68,281
2022 Fortinet Championship,2022-09-18,11.0,62.1,1.421,11.6,165,Silverado Resort (North Course),"Napa, CA",72,7123,0.0,35506,Mackenzie Hughes,62.8,1.17,298.0,57.53,70.68,59.74,0.54,28.62,72,281
2022 Fortinet Championship,2022-09-15,11.0,63.0,0.0,11.0,253,Silverado Resort (North Course),"Napa, CA",72,7123,0.0,33122,Russell Knox,71.41,1.34,293.7,66.91,70.18,58.08,0.53,30.16,70,281
2022 Fortinet Championship,2022-09-16,11.0,64.2,0.0,9.1,227,Silverado Resort (North Course),"Napa, CA",72,7123,0.0,33122,Russell Knox,71.41,1.34,293.7,66.91,70.18,58.08,0.53,30.16,71,281
2022 Fortinet Championship,2022-09-17,11.0,63.4,0.0,14.1,238,Silverado Resort (North Course),"Napa, CA",72,7123,0.0,33122,Russell Knox,71.41,1.34,293.7,66.91,70.18,58.08,0.53,30.16,70,281
2022 Fortinet Championship,2022-09-18,11.0,62.1,1.421,11.6,165,Silverado Resort (North Course),"Napa, CA",72,7123,0.0,33122,Russell Knox,71.41,1.34,293.7,66.91,70.18,58.08,0.53,30.16,70,281
2022 Fortinet Championship,2022-09-15,11.0,63.0,0.0,11.0,253,Silverado Resort (North Course),"Napa, CA",72,7123,0.0,27349,Alex Noren,65.71,1.5,299.8,56.22,69.97,64.56,0.31,28.67,72,282
2022 Fortinet Championship,2022-09-16,11.0,64.2,0.0,9.1,227,Silverado Resort (North Course),"Napa, CA",72,7123,0.0,27349,Alex Noren,65.71,1.5,299.8,56.22,69.97,64.56,0.31,28.67,68,282
2022 Fortinet Championship,2022-09-17,11.0,63.4,0.0,14.1,238,Silverado Resort (North Course),"Napa, CA",72,7123,0.0,27349,Alex Noren,65.71,1.5,299.8,56.22,69.97,64.56,0.31,28.67,71,282
2022 Fortinet Championship,2022-09-18,11.0,62.1,1.421,11.6,165,Silverado Resort (North Course),"Napa, CA",72,7123,0.0,27349,Alex Noren,65.71,1.5,299.8,56.22,69.97,64.56,0.31,28.67,71,282
2022 Fortinet Championship,2022-09-15,11.0,63.0,0.0,11.0,253,Silverado Resort (North Course),"Napa, CA",72,7123,0.0,46550,Brandon Hagy,62.54,1.03,317.9,48.18,71.44,53.23,0.69,29.18,69,282
2022 Fortinet Championship,2022-09-16,11.0,64.2,0.0,9.1,227,Silverado Resort (North Course),"Napa, CA",72,7123,0.0,46550,Brandon Hagy,62.54,1.03,317.9,48.18,71.44,53.23,0.69,29.18,73,282
2022 Fortinet Championship,2022-09-17,11.0,63.4,0.0,14.1,238,Silverado Resort (North Course),"Napa, CA",72,7123,0.0,46550,Brandon Hagy,62.54,1.03,317.9,48.18,71.44,53.23,0.69,29.18,68,282
2022 Fortinet Championship,2022-09-18,11.0,62.1,1.421,11.6,165,Silverado Resort (North Course),"Napa, CA",72,7123,0.0,46550,Brandon Hagy,62.54,1.03,317.9,48.18,71.44,53.23,0.69,29.18,72,282
2022 Fortinet Championship,2022-09-15,11.0,63.0,0.0,11.0,253,Silverado Resort (North Course),"Napa, CA",72,7123,0.0,49947,Taylor Moore,68.25,1.44,302.0,61.76,70.2,58.75,0.55,29.04,68,282
2022 Fortinet Championship,2022-09-16,11.0,64.2,0.0,9.1,227,Silverado Resort (North Course),"Napa, CA",72,7123,0.0,49947,Taylor Moore,68.25,1.44,302.0,61.76,70.2,58.75,0.55,29.04,68,282
2022 Fortinet Championship,2022-09-17,11.0,63.4,0.0,14.1,238,Silverado Resort (North Course),"Napa, CA",72,7123,0.0,49947,Taylor Moore,68.25,1.44,302.0,61.76,70.2,58.75,0.55,29.04,73,282
2022 Fortinet Championship,2022-09-18,11.0,62.1,1.421,11.6,165,Silverado Resort (North Course),"Napa, CA",72,7123,0.0,49947,Taylor Moore,68.25,1.44,302.0,61.76,70.2,58.75,0.55,29.04,73,282
2022 Fortinet Championship,2022-09-15,11.0,63.0,0.0,11.0,253,Silverado Resort (North Course),"Napa, CA",72,7123,0.0,46340,Alex Smalley,68.28,1.42,306.5,60.41,70.12,60.45,0.52,29.26,70,283
2022 Fortinet Championship,2022-09-16,11.0,64.2,0.0,9.1,227,Silverado Resort (North Course),"Napa, CA",72,7123,0.0,46340,Alex Smalley,68.28,1.42,306.5,60.41,70.12,60.45,0.52,29.26,70,283
2022 Fortinet Championship,2022-09-17,11.0,63.4,0.0,14.1,238,Silverado Resort (North Course),"Napa, CA",72,7123,0.0,46340,Alex Smalley,68.28,1.42,306.5,60.41,70.12,60.45,0.52,29.26,71,283
2022 Fortinet Championship,2022-09-18,11.0,62.1,1.421,11.6,165,Silverado Resort (North Course),"Napa, CA",72,7123,0.0,46340,Alex Smalley,68.28,1.42,306.5,60.41,70.12,60.45,0.52,29.26,72,283
2022 Fortinet Championship,2022-09-15,11.0,63.0,0.0,11.0,253,Silverado Resort (North Course),"Napa, CA",72,7123,0.0,34256,Andrew Putnam,66.55,1.45,284.8,64.54,69.98,65.72,0.5,28.81,72,283
2022 Fortinet Championship,2022-09-16,11.0,64.2,0.0,9.1,227,Silverado Resort (North Course),"Napa, CA",72,7123,0.0,34256,Andrew Putnam,66.55,1.45,284.8,64.54,69.98,65.72,0.5,28.81,70,283
2022 Fortinet Championship,2022-09-17,11.0,63.4,0.0,14.1,238,Silverado Resort (North Course),"Napa, CA",72,7123,0.0,34256,Andrew Putnam,66.55,1.45,284.8,64.54,69.98,65.72,0.5,28.81,72,283
2022 Fortinet Championship,2022-09-18,11.0,62.1,1.421,11.6,165,Silverado Resort (North Course),"Napa, CA",72,7123,0.0,34256,Andrew Putnam,66.55,1.45,284.8,64.54,69.98,65.72,0.5,28.81,69,283
2022 Fortinet Championship,2022-09-15,11.0,63.0,0.0,11.0,253,Silverado Resort (North Course),"Napa, CA",72,7123,0.0,29535,Brice Garnett,67.17,1.32,293.7,67.26,70.62,63.08,0.56,29.31,67,283
2022 Fortinet Championship,2022-09-16,11.0,64.2,0.0,9.1,227,Silverado Resort (North Course),"Napa, CA",72,7123,0.0,29535,Brice Garnett,67.17,1.32,293.7,67.26,70.62,63.08,0.56,29.31,75,283
2022 Fortinet Championship,2022-09-17,11.0,63.4,0.0,14.1,238,Silverado Resort (North Course),"Napa, CA",72,7123,0.0,29535,Brice Garnett,67.17,1.32,293.7,67.26,70.62,63.08,0.56,29.31,71,283
2022 Fortinet Championship,2022-09-18,11.0,62.1,1.421,11.6,165,Silverado Resort (North Course),"Napa, CA",72,7123,0.0,29535,Brice Garnett,67.17,1.32,293.7,67.26,70.62,63.08,0.56,29.31,70,283
2022 Fortinet Championship,2022-09-15,11.0,63.0,0.0,11.0,253,Silverado Resort (North Course),"Napa, CA",72,7123,0.0,30926,Chris Kirk,66.14,1.38,300.1,64.5,70.1,62.89,0.46,28.9,74,283
2022 Fortinet Championship,2022-09-16,11.0,64.2,0.0,9.1,227,Silverado Resort (North Course),"Napa, CA",72,7123,0.0,30926,Chris Kirk,66.14,1.38,300.1,64.5,70.1,62.89,0.46,28.9,68,283
2022 Fortinet Championship,2022-09-17,11.0,63.4,0.0,14.1,238,Silverado Resort (North Course),"Napa, CA",72,7123,0.0,30926,Chris Kirk,66.14,1.38,300.1,64.5,70.1,62.89,0.46,28.9,67,283
2022 Fortinet Championship,2022-09-18,11.0,62.1,1.421,11.6,165,Silverado Resort (North Course),"Napa, CA",72,7123,0.0,30926,Chris Kirk,66.14,1.38,300.1,64.5,70.1,62.89,0.46,28.9,74,283
2022 Fortinet Championship,2022-09-15,11.0,63.0,0.0,11.0,253,Silverado Resort (North Course),"Napa, CA",72,7123,0.0,36799,Stephan Jaeger,63.46,1.26,293.0,57.02,70.45,60.11,0.61,28.56,69,283
2022 Fortinet Championship,2022-09-16,11.0,64.2,0.0,9.1,227,Silverado Resort (North Course),"Napa, CA",72,7123,0.0,36799,Stephan Jaeger,63.46,1.26,293.0,57.02,70.45,60.11,0.61,28.56,70,283
2022 Fortinet Championship,2022-09-17,11.0,63.4,0.0,14.1,238,Silverado Resort (North Course),"Napa, CA",72,7123,0.0,36799,Stephan Jaeger,63.46,1.26,293.0,57.02,70.45,60.11,0.61,28.56,73,283
2022 Fortinet Championship,2022-09-18,11.0,62.1,1.421,11.6,165,Silverado Resort (North Course),"Napa, CA",72,7123,0.0,36799,Stephan Jaeger,63.46,1.26,293.0,57.02,70.45,60.11,0.61,28.56,71,283
2022 Fortinet Championship,2022-09-15,11.0,63.0,0.0,11.0,253,Silverado Resort (North Course),"Napa, CA",72,7123,0.0,51766,Wyndham Clark,65.23,1.36,319.0,52.64,70.28,60.79,0.46,28.7,72,283
2022 Fortinet Championship,2022-09-16,11.0,64.2,0.0,9.1,227,Silverado Resort (North Course),"Napa, CA",72,7123,0.0,51766,Wyndham Clark,65.23,1.36,319.0,52.64,70.28,60.79,0.46,28.7,69,283
2022 Fortinet Championship,2022-09-17,11.0,63.4,0.0,14.1,238,Silverado Resort (North Course),"Napa, CA",72,7123,0.0,51766,Wyndham Clark,65.23,1.36,319.0,52.64,70.28,60.79,0.46,28.7,69,283
2022 Fortinet Championship,2022-09-18,11.0,62.1,1.421,11.6,165,Silverado Resort (North Course),"Napa, CA",72,7123,0.0,51766,Wyndham Clark,65.23,1.36,319.0,52.64,70.28,60.79,0.46,28.7,73,283
2022 Fortinet Championship,2022-09-15,11.0,63.0,0.0,11.0,253,Silverado Resort (North Course),"Napa, CA",72,7123,0.0,51890,Greyson Sigg,68.09,1.46,294.9,62.87,70.23,61.12,0.39,29.21,67,284
2022 Fortinet Championship,2022-09-16,11.0,64.2,0.0,9.1,227,Silverado Resort (North Course),"Napa, CA",72,7123,0.0,51890,Greyson Sigg,68.09,1.46,294.9,62.87,70.23,61.12,0.39,29.21,73,284
2022 Fortinet Championship,2022-09-17,11.0,63.4,0.0,14.1,238,Silverado Resort (North Course),"Napa, CA",72,7123,0.0,51890,Greyson Sigg,68.09,1.46,294.9,62.87,70.23,61.12,0.39,29.21,73,284
2022 Fortinet Championship,2022-09-18,11.0,62.1,1.421,11.6,165,Silverado Resort (North Course),"Napa, CA",72,7123,0.0,51890,Greyson Sigg,68.09,1.46,294.9,62.87,70.23,61.12,0.39,29.21,71,284
2022 Fortinet Championship,2022-09-15,11.0,63.0,0.0,11.0,253,Silverado Resort (North Course),"Napa, CA",72,7123,0.0,32448,James Hahn,65.81,1.34,302.8,61.48,70.32,60.87,0.35,29.14,71,284
2022 Fortinet Championship,2022-09-16,11.0,64.2,0.0,9.1,227,Silverado Resort (North Course),"Napa, CA",72,7123,0.0,32448,James Hahn,65.81,1.34,302.8,61.48,70.32,60.87,0.35,29.14,68,284
2022 Fortinet Championship,2022-09-17,11.0,63.4,0.0,14.1,238,Silverado Resort (North Course),"Napa, CA",72,7123,0.0,32448,James Hahn,65.81,1.34,302.8,61.48,70.32,60.87,0.35,29.14,72,284
2022 Fortinet Championship,2022-09-18,11.0,62.1,1.421,11.6,165,Silverado Resort (North Course),"Napa, CA",72,7123,0.0,32448,James Hahn,65.81,1.34,302.8,61.48,70.32,60.87,0.35,29.14,73,284
2022 Fortinet Championship,2022-09-15,11.0,63.0,0.0,11.0,253,Silverado Resort (North Course),"Napa, CA",72,7123,0.0,34610,Matthias Schwab,68.65,1.33,293.8,59.42,70.17,59.24,0.57,29.26,70,284
2022 Fortinet Championship,2022-09-16,11.0,64.2,0.0,9.1,227,Silverado Resort (North Course),"Napa, CA",72,7123,0.0,34610,Matthias Schwab,68.65,1.33,293.8,59.42,70.17,59.24,0.57,29.26,69,284
2022 Fortinet Championship,2022-09-17,11.0,63.4,0.0,14.1,238,Silverado Resort (North Course),"Napa, CA",72,7123,0.0,34610,Matthias Schwab,68.65,1.33,293.8,59.42,70.17,59.24,0.57,29.26,72,284
2022 Fortinet Championship,2022-09-18,11.0,62.1,1.421,11.6,165,Silverado Resort (North Course),"Napa, CA",72,7123,0.0,34610,Matthias Schwab,68.65,1.33,293.8,59.42,70.17,59.24,0.57,29.26,73,284
2022 Fortinet Championship,2022-09-15,11.0,63.0,0.0,11.0,253,Silverado Resort (North Course),"Napa, CA",72,7123,0.0,47347,Adam Schenk,64.44,1.12,304.0,56.25,71.03,57.99,0.44,28.98,69,285
2022 Fortinet Championship,2022-09-16,11.0,64.2,0.0,9.1,227,Silverado Resort (North Course),"Napa, CA",72,7123,0.0,47347,Adam Schenk,64.44,1.12,304.0,56.25,71.03,57.99,0.44,28.98,72,285
2022 Fortinet Championship,2022-09-17,11.0,63.4,0.0,14.1,238,Silverado Resort (North Course),"Napa, CA",72,7123,0.0,47347,Adam Schenk,64.44,1.12,304.0,56.25,71.03,57.99,0.44,28.98,70,285
2022 Fortinet Championship,2022-09-18,11.0,62.1,1.421,11.6,165,Silverado Resort (North Course),"Napa, CA",72,7123,0.0,47347,Adam Schenk,64.44,1.12,304.0,56.25,71.03,57.99,0.44,28.98,74,285
2022 Fortinet Championship,2022-09-15,11.0,63.0,0.0,11.0,253,Silverado Resort (North Course),"Napa, CA",72,7123,0.0,28775,Nate Lashley,67.69,1.57,295.2,63.63,70.01,60.63,0.37,28.61,72,285
2022 Fortinet Championship,2022-09-16,11.0,64.2,0.0,9.1,227,Silverado Resort (North Course),"Napa, CA",72,7123,0.0,28775,Nate Lashley,67.69,1.57,295.2,63.63,70.01,60.63,0.37,28.61,70,285
2022 Fortinet Championship,2022-09-17,11.0,63.4,0.0,14.1,238,Silverado Resort (North Course),"Napa, CA",72,7123,0.0,28775,Nate Lashley,67.69,1.57,295.2,63.63,70.01,60.63,0.37,28.61,71,285
2022 Fortinet Championship,2022-09-18,11.0,62.1,1.421,11.6,165,Silverado Resort (North Course),"Napa, CA",72,7123,0.0,28775,Nate Lashley,67.69,1.57,295.2,63.63,70.01,60.63,0.37,28.61,72,285
2022 Fortinet Championship,2022-09-15,11.0,63.0,0.0,11.0,253,Silverado Resort (North Course),"Napa, CA",72,7123,0.0,27649,Brandt Snedeker,66.2,1.11,287.1,62.15,71.07,57.1,0.53,29.42,70,286
2022 Fortinet Championship,2022-09-16,11.0,64.2,0.0,9.1,227,Silverado Resort (North Course),"Napa, CA",72,7123,0.0,27649,Brandt Snedeker,66.2,1.11,287.1,62.15,71.07,57.1,0.53,29.42,69,286
2022 Fortinet Championship,2022-09-17,11.0,63.4,0.0,14.1,238,Silverado Resort (North Course),"Napa, CA",72,7123,0.0,27649,Brandt Snedeker,66.2,1.11,287.1,62.15,71.07,57.1,0.53,29.42,72,286
2022 Fortinet Championship,2022-09-18,11.0,62.1,1.421,11.6,165,Silverado Resort (North Course),"Napa, CA",72,7123,0.0,27649,Brandt Snedeker,66.2,1.11,287.1,62.15,71.07,57.1,0.53,29.42,75,286
2022 Fortinet Championship,2022-09-15,11.0,63.0,0.0,11.0,253,Silverado Resort (North Course),"Napa, CA",72,7123,0.0,39324,J.J. Spaun,67.02,1.42,294.7,64.11,70.25,60.11,0.49,28.97,66,286
2022 Fortinet Championship,2022-09-16,11.0,64.2,0.0,9.1,227,Silverado Resort (North Course),"Napa, CA",72,7123,0.0,39324,J.J. Spaun,67.02,1.42,294.7,64.11,70.25,60.11,0.49,28.97,73,286
2022 Fortinet Championship,2022-09-17,11.0,63.4,0.0,14.1,238,Silverado Resort (North Course),"Napa, CA",72,7123,0.0,39324,J.J. Spaun,67.02,1.42,294.7,64.11,70.25,60.11,0.49,28.97,73,286
2022 Fortinet Championship,2022-09-18,11.0,62.1,1.421,11.6,165,Silverado Resort (North Course),"Napa, CA",72,7123,0.0,39324,J.J. Spaun,67.02,1.42,294.7,64.11,70.25,60.11,0.49,28.97,74,286
2022 Fortinet Championship,2022-09-15,11.0,63.0,0.0,11.0,253,Silverado Resort (North Course),"Napa, CA",72,7123,0.0,27214,Kevin Streelman,66.48,1.45,295.8,69.48,70.2,64.41,0.39,28.73,68,286
2022 Fortinet Championship,2022-09-16,11.0,64.2,0.0,9.1,227,Silverado Resort (North Course),"Napa, CA",72,7123,0.0,27214,Kevin Streelman,66.48,1.45,295.8,69.48,70.2,64.41,0.39,28.73,71,286
2022 Fortinet Championship,2022-09-17,11.0,63.4,0.0,14.1,238,Silverado Resort (North Course),"Napa, CA",72,7123,0.0,27214,Kevin Streelman,66.48,1.45,295.8,69.48,70.2,64.41,0.39,28.73,72,286
2022 Fortinet Championship,2022-09-18,11.0,62.1,1.421,11.6,165,Silverado Resort (North Course),"Napa, CA",72,7123,0.0,27214,Kevin Streelman,66.48,1.45,295.8,69.48,70.2,64.41,0.39,28.73,75,286
2022 Fortinet Championship,2022-09-15,11.0,63.0,0.0,11.0,253,Silverado Resort (North Course),"Napa, CA",72,7123,0.0,32640,Troy Merritt,63.31,1.32,292.2,64.0,70.31,62.06,0.44,28.29,71,286
2022 Fortinet Championship,2022-09-16,11.0,64.2,0.0,9.1,227,Silverado Resort (North Course),"Napa, CA",72,7123,0.0,32640,Troy Merritt,63.31,1.32,292.2,64.0,70.31,62.06,0.44,28.29,69,286
2022 Fortinet Championship,2022-09-17,11.0,63.4,0.0,14.1,238,Silverado Resort (North Course),"Napa, CA",72,7123,0.0,32640,Troy Merritt,63.31,1.32,292.2,64.0,70.31,62.06,0.44,28.29,71,286
2022 Fortinet Championship,2022-09-18,11.0,62.1,1.421,11.6,165,Silverado Resort (North Course),"Napa, CA",72,7123,0.0,32640,Troy Merritt,63.31,1.32,292.2,64.0,70.31,62.06,0.44,28.29,75,286
2022 Fortinet Championship,2022-09-15,11.0,63.0,0.0,11.0,253,Silverado Resort (North Course),"Napa, CA",72,7123,0.0,31323,Gary Woodland,66.1,1.23,309.9,56.8,70.61,61.05,0.61,29.32,70,287
2022 Fortinet Championship,2022-09-16,11.0,64.2,0.0,9.1,227,Silverado Resort (North Course),"Napa, CA",72,7123,0.0,31323,Gary Woodland,66.1,1.23,309.9,56.8,70.61,61.05,0.61,29.32,71,287
2022 Fortinet Championship,2022-09-17,11.0,63.4,0.0,14.1,238,Silverado Resort (North Course),"Napa, CA",72,7123,0.0,31323,Gary Woodland,66.1,1.23,309.9,56.8,70.61,61.05,0.61,29.32,73,287
2022 Fortinet Championship,2022-09-18,11.0,62.1,1.421,11.6,165,Silverado Resort (North Course),"Napa, CA",72,7123,0.0,31323,Gary Woodland,66.1,1.23,309.9,56.8,70.61,61.05,0.61,29.32,73,287
2022 Fortinet Championship,2022-09-15,11.0,63.0,0.0,11.0,253,Silverado Resort (North Course),"Napa, CA",72,7123,0.0,25900,Lucas Glover,68.28,1.21,297.5,67.54,70.78,54.43,0.68,29.83,74,288
2022 Fortinet Championship,2022-09-16,11.0,64.2,0.0,9.1,227,Silverado Resort (North Course),"Napa, CA",72,7123,0.0,25900,Lucas Glover,68.28,1.21,297.5,67.54,70.78,54.43,0.68,29.83,68,288
2022 Fortinet Championship,2022-09-17,11.0,63.4,0.0,14.1,238,Silverado Resort (North Course),"Napa, CA",72,7123,0.0,25900,Lucas Glover,68.28,1.21,297.5,67.54,70.78,54.43,0.68,29.83,75,288
2022 Fortinet Championship,2022-09-18,11.0,62.1,1.421,11.6,165,Silverado Resort (North Course),"Napa, CA",72,7123,0.0,25900,Lucas Glover,68.28,1.21,297.5,67.54,70.78,54.43,0.68,29.83,71,288
2022 Fortinet Championship,2022-09-15,11.0,63.0,0.0,11.0,253,Silverado Resort (North Course),"Napa, CA",72,7123,0.0,47988,Nick Hardy,68.74,1.33,305.7,57.73,70.34,54.82,0.47,29.25,71,289
2022 Fortinet Championship,2022-09-16,11.0,64.2,0.0,9.1,227,Silverado Resort (North Course),"Napa, CA",72,7123,0.0,47988,Nick Hardy,68.74,1.33,305.7,57.73,70.34,54.82,0.47,29.25,70,289
2022 Fortinet Championship,2022-09-17,11.0,63.4,0.0,14.1,238,Silverado Resort (North Course),"Napa, CA",72,7123,0.0,47988,Nick Hardy,68.74,1.33,305.7,57.73,70.34,54.82,0.47,29.25,71,289
2022 Fortinet Championship,2022-09-18,11.0,62.1,1.421,11.6,165,Silverado Resort (North Course),"Napa, CA",72,7123,0.0,47988,Nick Hardy,68.74,1.33,305.7,57.73,70.34,54.82,0.47,29.25,77,289
2022 Fortinet Championship,2022-09-15,11.0,63.0,0.0,11.0,253,Silverado Resort (North Course),"Napa, CA",72,7123,0.0,40250,Taylor Pendrith,70.66,1.57,316.1,57.01,69.75,60.53,0.63,29.37,71,289
2022 Fortinet Championship,2022-09-16,11.0,64.2,0.0,9.1,227,Silverado Resort (North Course),"Napa, CA",72,7123,0.0,40250,Taylor Pendrith,70.66,1.57,316.1,57.01,69.75,60.53,0.63,29.37,70,289
2022 Fortinet Championship,2022-09-17,11.0,63.4,0.0,14.1,238,Silverado Resort (North Course),"Napa, CA",72,7123,0.0,40250,Taylor Pendrith,70.66,1.57,316.1,57.01,69.75,60.53,0.63,29.37,71,289
2022 Fortinet Championship,2022-09-18,11.0,62.1,1.421,11.6,165,Silverado Resort (North Course),"Napa, CA",72,7123,0.0,40250,Taylor Pendrith,70.66,1.57,316.1,57.01,69.75,60.53,0.63,29.37,77,289
2022 Fortinet Championship,2022-09-15,11.0,63.0,0.0,11.0,253,Silverado Resort (North Course),"Napa, CA",72,7123,0.0,32150,Michael Thompson,64.09,1.41,287.9,65.87,70.26,62.43,0.43,28.43,71,290
2022 Fortinet Championship,2022-09-16,11.0,64.2,0.0,9.1,227,Silverado Resort (North Course),"Napa, CA",72,7123,0.0,32150,Michael Thompson,64.09,1.41,287.9,65.87,70.26,62.43,0.43,28.43,71,290
2022 Fortinet Championship,2022-09-17,11.0,63.4,0.0,14.1,238,Silverado Resort (North Course),"Napa, CA",72,7123,0.0,32150,Michael Thompson,64.09,1.41,287.9,65.87,70.26,62.43,0.43,28.43,74,290
2022 Fortinet Championship,2022-09-18,11.0,62.1,1.421,11.6,165,Silverado Resort (North Course),"Napa, CA",72,7123,0.0,32150,Michael Thompson,64.09,1.41,287.9,65.87,70.26,62.43,0.43,28.43,74,290
2022 Fortinet Championship,2022-09-15,11.0,63.0,0.0,11.0,253,Silverado Resort (North Course),"Napa, CA",72,7123,0.0,27095,Nick Watney,66.81,1.03,301.2,53.74,71.71,54.41,0.66,29.89,73,290
2022 Fortinet Championship,2022-09-16,11.0,64.2,0.0,9.1,227,Silverado Resort (North Course),"Napa, CA",72,7123,0.0,27095,Nick Watney,66.81,1.03,301.2,53.74,71.71,54.41,0.66,29.89,69,290
2022 Fortinet Championship,2022-09-17,11.0,63.4,0.0,14.1,238,Silverado Resort (North Course),"Napa, CA",72,7123,0.0,27095,Nick Watney,66.81,1.03,301.2,53.74,71.71,54.41,0.66,29.89,71,290
2022 Fortinet Championship,2022-09-18,11.0,62.1,1.421,11.6,165,Silverado Resort (North Course),"Napa, CA",72,7123,0.0,27095,Nick Watney,66.81,1.03,301.2,53.74,71.71,54.41,0.66,29.89,77,290
2022 Fortinet Championship,2022-09-15,11.0,63.0,0.0,11.0,253,Silverado Resort (North Course),"Napa, CA",72,7123,0.0,29908,C.T. Pan,66.53,1.32,296.7,62.26,70.45,60.12,0.48,29.1,70,292
2022 Fortinet Championship,2022-09-16,11.0,64.2,0.0,9.1,227,Silverado Resort (North Course),"Napa, CA",72,7123,0.0,29908,C.T. Pan,66.53,1.32,296.7,62.26,70.45,60.12,0.48,29.1,71,292
2022 Fortinet Championship,2022-09-17,11.0,63.4,0.0,14.1,238,Silverado Resort (North Course),"Napa, CA",72,7123,0.0,29908,C.T. Pan,66.53,1.32,296.7,62.26,70.45,60.12,0.48,29.1,77,292
2022 Fortinet Championship,2022-09-18,11.0,62.1,1.421,11.6,165,Silverado Resort (North Course),"Napa, CA",72,7123,0.0,29908,C.T. Pan,66.53,1.32,296.7,62.26,70.45,60.12,0.48,29.1,74,292
2022 Fortinet Championship,2022-09-15,11.0,63.0,0.0,11.0,253,Silverado Resort (North Course),"Napa, CA",72,7123,0.0,52375,Doug Ghim,66.47,1.21,295.6,64.22,70.65,60.95,0.5,29.31,71,292
2022 Fortinet Championship,2022-09-16,11.0,64.2,0.0,9.1,227,Silverado Resort (North Course),"Napa, CA",72,7123,0.0,52375,Doug Ghim,66.47,1.21,295.6,64.22,70.65,60.95,0.5,29.31,70,292
2022 Fortinet Championship,2022-09-17,11.0,63.4,0.0,14.1,238,Silverado Resort (North Course),"Napa, CA",72,7123,0.0,52375,Doug Ghim,66.47,1.21,295.6,64.22,70.65,60.95,0.5,29.31,70,292
2022 Fortinet Championship,2022-09-18,11.0,62.1,1.421,11.6,165,Silverado Resort (North Course),"Napa, CA",72,7123,0.0,52375,Doug Ghim,66.47,1.21,295.6,64.22,70.65,60.95,0.5,29.31,81,292
2024 The Sentry,2024-01-04,81.0,74.0,0.0,15.7,61,Kapalua Resort (Plantation Course),"Kapalua, HI",73,7596,68.36,30926,Chris Kirk,66.67%,1.53,296.4,61.35%,69.88,62.50%,0.3,28.65,67,263
2024 The Sentry,2024-01-05,81.0,73.9,0.02,10.9,33,Kapalua Resort (Plantation Course),"Kapalua, HI",73,7596,68.36,30926,Chris Kirk,66.67%,1.53,296.4,61.35%,69.88,62.50%,0.3,28.65,65,263
2024 The Sentry,2024-01-06,81.0,73.7,0.067,9.8,55,Kapalua Resort (Plantation Course),"Kapalua, HI",73,7596,68.36,30926,Chris Kirk,66.67%,1.53,296.4,61.35%,69.88,62.50%,0.3,28.65,66,263
2024 The Sentry,2024-01-07,81.0,74.3,0.071,10.4,14,Kapalua Resort (Plantation Course),"Kapalua, HI",73,7596,68.36,30926,Chris Kirk,66.67%,1.53,296.4,61.35%,69.88,62.50%,0.3,28.65,65,263
2024 The Sentry,2024-01-04,81.0,74.0,0.0,15.7,61,Kapalua Resort (Plantation Course),"Kapalua, HI",73,7596,68.36,51634,Sahith Theegala,64.94%,1.5,304.9,52.85%,69.9,59.04%,0.34,28.04,64,264
2024 The Sentry,2024-01-05,81.0,73.9,0.02,10.9,33,Kapalua Resort (Plantation Course),"Kapalua, HI",73,7596,68.36,51634,Sahith Theegala,64.94%,1.5,304.9,52.85%,69.9,59.04%,0.34,28.04,69,264
2024 The Sentry,2024-01-06,81.0,73.7,0.067,9.8,55,Kapalua Resort (Plantation Course),"Kapalua, HI",73,7596,68.36,51634,Sahith Theegala,64.94%,1.5,304.9,52.85%,69.9,59.04%,0.34,28.04,68,264
2024 The Sentry,2024-01-07,81.0,74.3,0.071,10.4,14,Kapalua Resort (Plantation Course),"Kapalua, HI",73,7596,68.36,51634,Sahith Theegala,64.94%,1.5,304.9,52.85%,69.9,59.04%,0.34,28.04,63,264
2024 The Sentry,2024-01-04,81.0,74.0,0.0,15.7,61,Kapalua Resort (Plantation Course),"Kapalua, HI",73,7596,68.36,34046,Jordan Spieth,64.04%,1.41,303.6,56.83%,70.13,62.88%,0.42,28.31,66,265
2024 The Sentry,2024-01-05,81.0,73.9,0.02,10.9,33,Kapalua Resort (Plantation Course),"Kapalua, HI",73,7596,68.36,34046,Jordan Spieth,64.04%,1.41,303.6,56.83%,70.13,62.88%,0.42,28.31,67,265
2024 The Sentry,2024-01-06,81.0,73.7,0.067,9.8,55,Kapalua Resort (Plantation Course),"Kapalua, HI",73,7596,68.36,34046,Jordan Spieth,64.04%,1.41,303.6,56.83%,70.13,62.88%,0.42,28.31,67,265
2024 The Sentry,2024-01-07,81.0,74.3,0.071,10.4,14,Kapalua Resort (Plantation Course),"Kapalua, HI",73,7596,68.36,34046,Jordan Spieth,64.04%,1.41,303.6,56.83%,70.13,62.88%,0.42,28.31,65,265
2024 The Sentry,2024-01-04,81.0,74.0,0.0,15.7,61,Kapalua Resort (Plantation Course),"Kapalua, HI",73,7596,68.36,33948,Byeong Hun An,64.13%,1.57,315.6,52.17%,69.74,64.90%,0.42,28.03,68,266
2024 The Sentry,2024-01-05,81.0,73.9,0.02,10.9,33,Kapalua Resort (Plantation Course),"Kapalua, HI",73,7596,68.36,33948,Byeong Hun An,64.13%,1.57,315.6,52.17%,69.74,64.90%,0.42,28.03,64,266
2024 The Sentry,2024-01-06,81.0,73.7,0.067,9.8,55,Kapalua Resort (Plantation Course),"Kapalua, HI",73,7596,68.36,33948,Byeong Hun An,64.13%,1.57,315.6,52.17%,69.74,64.90%,0.42,28.03,68,266
2024 The Sentry,2024-01-07,81.0,74.3,0.071,10.4,14,Kapalua Resort (Plantation Course),"Kapalua, HI",73,7596,68.36,33948,Byeong Hun An,64.13%,1.57,315.6,52.17%,69.74,64.90%,0.42,28.03,66,266
2024 The Sentry,2024-01-04,81.0,74.0,0.0,15.7,61,Kapalua Resort (Plantation Course),"Kapalua, HI",73,7596,68.36,27644,Brian Harman,67.62%,1.85,293.6,66.82%,69.28,67.34%,0.31,28.43,67,267
2024 The Sentry,2024-01-05,81.0,73.9,0.02,10.9,33,Kapalua Resort (Plantation Course),"Kapalua, HI",73,7596,68.36,27644,Brian Harman,67.62%,1.85,293.6,66.82%,69.28,67.34%,0.31,28.43,66,267
2024 The Sentry,2024-01-06,81.0,73.7,0.067,9.8,55,Kapalua Resort (Plantation Course),"Kapalua, HI",73,7596,68.36,27644,Brian Harman,67.62%,1.85,293.6,66.82%,69.28,67.34%,0.31,28.43,70,267
2024 The Sentry,2024-01-07,81.0,74.3,0.071,10.4,14,Kapalua Resort (Plantation Course),"Kapalua, HI",73,7596,68.36,27644,Brian Harman,67.62%,1.85,293.6,66.82%,69.28,67.34%,0.31,28.43,64,267
2024 The Sentry,2024-01-04,81.0,74.0,0.0,15.7,61,Kapalua Resort (Plantation Course),"Kapalua, HI",73,7596,68.36,50525,Collin Morikawa,70.99%,1.71,296.2,68.03%,69.23,59.81%,0.49,29.01,65,267
2024 The Sentry,2024-01-05,81.0,73.9,0.02,10.9,33,Kapalua Resort (Plantation Course),"Kapalua, HI",73,7596,68.36,50525,Collin Morikawa,70.99%,1.71,296.2,68.03%,69.23,59.81%,0.49,29.01,67,267
2024 The Sentry,2024-01-06,81.0,73.7,0.067,9.8,55,Kapalua Resort (Plantation Course),"Kapalua, HI",73,7596,68.36,50525,Collin Morikawa,70.99%,1.71,296.2,68.03%,69.23,59.81%,0.49,29.01,70,267
2024 The Sentry,2024-01-07,81.0,74.3,0.071,10.4,14,Kapalua Resort (Plantation Course),"Kapalua, HI",73,7596,68.36,50525,Collin Morikawa,70.99%,1.71,296.2,68.03%,69.23,59.81%,0.49,29.01,65,267
2024 The Sentry,2024-01-04,81.0,74.0,0.0,15.7,61,Kapalua Resort (Plantation Course),"Kapalua, HI",73,7596,68.36,49771,J.T. Poston,68.83%,1.54,297.0,60.47%,69.63,58.65%,0.39,28.78,68,267
2024 The Sentry,2024-01-05,81.0,73.9,0.02,10.9,33,Kapalua Resort (Plantation Course),"Kapalua, HI",73,7596,68.36,49771,J.T. Poston,68.83%,1.54,297.0,60.47%,69.63,58.65%,0.39,28.78,68,267
2024 The Sentry,2024-01-06,81.0,73.7,0.067,9.8,55,Kapalua Resort (Plantation Course),"Kapalua, HI",73,7596,68.36,49771,J.T. Poston,68.83%,1.54,297.0,60.47%,69.63,58.65%,0.39,28.78,66,267
2024 The Sentry,2024-01-07,81.0,74.3,0.071,10.4,14,Kapalua Resort (Plantation Course),"Kapalua, HI",73,7596,68.36,49771,J.T. Poston,68.83%,1.54,297.0,60.47%,69.63,58.65%,0.39,28.78,65,267
2024 The Sentry,2024-01-04,81.0,74.0,0.0,15.7,61,Kapalua Resort (Plantation Course),"Kapalua, HI",73,7596,68.36,46046,Scottie Scheffler,74.43%,2.36,310.3,62.09%,68.26,64.94%,0.35,29.09,66,267
2024 The Sentry,2024-01-05,81.0,73.9,0.02,10.9,33,Kapalua Resort (Plantation Course),"Kapalua, HI",73,7596,68.36,46046,Scottie Scheffler,74.43%,2.36,310.3,62.09%,68.26,64.94%,0.35,29.09,64,267
2024 The Sentry,2024-01-06,81.0,73.7,0.067,9.8,55,Kapalua Resort (Plantation Course),"Kapalua, HI",73,7596,68.36,46046,Scottie Scheffler,74.43%,2.36,310.3,62.09%,68.26,64.94%,0.35,29.09,71,267
2024 The Sentry,2024-01-07,81.0,74.3,0.071,10.4,14,Kapalua Resort (Plantation Course),"Kapalua, HI",73,7596,68.36,46046,Scottie Scheffler,74.43%,2.36,310.3,62.09%,68.26,64.94%,0.35,29.09,66,267
2024 The Sentry,2024-01-04,81.0,74.0,0.0,15.7,61,Kapalua Resort (Plantation Course),"Kapalua, HI",73,7596,68.36,39971,Sungjae Im,66.45%,1.64,299.3,62.98%,69.4,62.58%,0.4,28.51,65,267
2024 The Sentry,2024-01-05,81.0,73.9,0.02,10.9,33,Kapalua Resort (Plantation Course),"Kapalua, HI",73,7596,68.36,39971,Sungjae Im,66.45%,1.64,299.3,62.98%,69.4,62.58%,0.4,28.51,66,267
2024 The Sentry,2024-01-06,81.0,73.7,0.067,9.8,55,Kapalua Resort (Plantation Course),"Kapalua, HI",73,7596,68.36,39971,Sungjae Im,66.45%,1.64,299.3,62.98%,69.4,62.58%,0.4,28.51,73,267
2024 The Sentry,2024-01-07,81.0,74.3,0.071,10.4,14,Kapalua Resort (Plantation Course),"Kapalua, HI",73,7596,68.36,39971,Sungjae Im,66.45%,1.64,299.3,62.98%,69.4,62.58%,0.4,28.51,63,267
2024 The Sentry,2024-01-04,81.0,74.0,0.0,15.7,61,Kapalua Resort (Plantation Course),"Kapalua, HI",73,7596,68.36,28089,Jason Day,66.74%,1.69,304.2,61.67%,69.64,63.88%,0.29,28.38,65,268
2024 The Sentry,2024-01-05,81.0,73.9,0.02,10.9,33,Kapalua Resort (Plantation Course),"Kapalua, HI",73,7596,68.36,28089,Jason Day,66.74%,1.69,304.2,61.67%,69.64,63.88%,0.29,28.38,69,268
2024 The Sentry,2024-01-06,81.0,73.7,0.067,9.8,55,Kapalua Resort (Plantation Course),"Kapalua, HI",73,7596,68.36,28089,Jason Day,66.74%,1.69,304.2,61.67%,69.64,63.88%,0.29,28.38,67,268
2024 The Sentry,2024-01-07,81.0,74.3,0.071,10.4,14,Kapalua Resort (Plantation Course),"Kapalua, HI",73,7596,68.36,28089,Jason Day,66.74%,1.69,304.2,61.67%,69.64,63.88%,0.29,28.38,67,268
2024 The Sentry,2024-01-04,81.0,74.0,0.0,15.7,61,Kapalua Resort (Plantation Course),"Kapalua, HI",73,7596,68.36,48081,Xander Schauffele,68.45%,1.77,304.1,57.46%,69.07,63.04%,0.42,28.44,66,268
2024 The Sentry,2024-01-05,81.0,73.9,0.02,10.9,33,Kapalua Resort (Plantation Course),"Kapalua, HI",73,7596,68.36,48081,Xander Schauffele,68.45%,1.77,304.1,57.46%,69.07,63.04%,0.42,28.44,69,268
2024 The Sentry,2024-01-06,81.0,73.7,0.067,9.8,55,Kapalua Resort (Plantation Course),"Kapalua, HI",73,7596,68.36,48081,Xander Schauffele,68.45%,1.77,304.1,57.46%,69.07,63.04%,0.42,28.44,65,268
2024 The Sentry,2024-01-07,81.0,74.3,0.071,10.4,14,Kapalua Resort (Plantation Course),"Kapalua, HI",73,7596,68.36,48081,Xander Schauffele,68.45%,1.77,304.1,57.46%,69.07,63.04%,0.42,28.44,68,268
2024 The Sentry,2024-01-04,81.0,74.0,0.0,15.7,61,Kapalua Resort (Plantation Course),"Kapalua, HI",73,7596,68.36,35450,Patrick Cantlay,69.75%,1.99,308.6,65.51%,68.83,63.27%,0.39,28.46,66,269
2024 The Sentry,2024-01-05,81.0,73.9,0.02,10.9,33,Kapalua Resort (Plantation Course),"Kapalua, HI",73,7596,68.36,35450,Patrick Cantlay,69.75%,1.99,308.6,65.51%,68.83,63.27%,0.39,28.46,68,269
2024 The Sentry,2024-01-06,81.0,73.7,0.067,9.8,55,Kapalua Resort (Plantation Course),"Kapalua, HI",73,7596,68.36,35450,Patrick Cantlay,69.75%,1.99,308.6,65.51%,68.83,63.27%,0.39,28.46,68,269
2024 The Sentry,2024-01-07,81.0,74.3,0.071,10.4,14,Kapalua Resort (Plantation Course),"Kapalua, HI",73,7596,68.36,35450,Patrick Cantlay,69.75%,1.99,308.6,65.51%,68.83,63.27%,0.39,28.46,67,269
2024 The Sentry,2024-01-04,81.0,74.0,0.0,15.7,61,Kapalua Resort (Plantation Course),"Kapalua, HI",73,7596,68.36,49960,Sepp Straka,68.24%,1.35,299.5,64.49%,70.23,54.75%,0.41,29.02,67,269
2024 The Sentry,2024-01-05,81.0,73.9,0.02,10.9,33,Kapalua Resort (Plantation Course),"Kapalua, HI",73,7596,68.36,49960,Sepp Straka,68.24%,1.35,299.5,64.49%,70.23,54.75%,0.41,29.02,66,269
2024 The Sentry,2024-01-06,81.0,73.7,0.067,9.8,55,Kapalua Resort (Plantation Course),"Kapalua, HI",73,7596,68.36,49960,Sepp Straka,68.24%,1.35,299.5,64.49%,70.23,54.75%,0.41,29.02,70,269
2024 The Sentry,2024-01-07,81.0,74.3,0.071,10.4,14,Kapalua Resort (Plantation Course),"Kapalua, HI",73,7596,68.36,49960,Sepp Straka,68.24%,1.35,299.5,64.49%,70.23,54.75%,0.41,29.02,66,269
2024 The Sentry,2024-01-04,81.0,74.0,0.0,15.7,61,Kapalua Resort (Plantation Course),"Kapalua, HI",73,7596,68.36,33399,Adam Hadwin,67.61%,1.6,295.7,63.38%,69.81,61.99%,0.32,28.6,70,270
2024 The Sentry,2024-01-05,81.0,73.9,0.02,10.9,33,Kapalua Resort (Plantation Course),"Kapalua, HI",73,7596,68.36,33399,Adam Hadwin,67.61%,1.6,295.7,63.38%,69.81,61.99%,0.32,28.6,66,270
2024 The Sentry,2024-01-06,81.0,73.7,0.067,9.8,55,Kapalua Resort (Plantation Course),"Kapalua, HI",73,7596,68.36,33399,Adam Hadwin,67.61%,1.6,295.7,63.38%,69.81,61.99%,0.32,28.6,70,270
2024 The Sentry,2024-01-07,81.0,74.3,0.071,10.4,14,Kapalua Resort (Plantation Course),"Kapalua, HI",73,7596,68.36,33399,Adam Hadwin,67.61%,1.6,295.7,63.38%,69.81,61.99%,0.32,28.6,64,270
2024 The Sentry,2024-01-04,81.0,74.0,0.0,15.7,61,Kapalua Resort (Plantation Course),"Kapalua, HI",73,7596,68.36,56630,Akshay Bhatia,70.63%,1.7,304.9,63.93%,69.48,59.01%,0.56,29.27,69,270
2024 The Sentry,2024-01-05,81.0,73.9,0.02,10.9,33,Kapalua Resort (Plantation Course),"Kapalua, HI",73,7596,68.36,56630,Akshay Bhatia,70.63%,1.7,304.9,63.93%,69.48,59.01%,0.56,29.27,64,270
2024 The Sentry,2024-01-06,81.0,73.7,0.067,9.8,55,Kapalua Resort (Plantation Course),"Kapalua, HI",73,7596,68.36,56630,Akshay Bhatia,70.63%,1.7,304.9,63.93%,69.48,59.01%,0.56,29.27,66,270
2024 The Sentry,2024-01-07,81.0,74.3,0.071,10.4,14,Kapalua Resort (Plantation Course),"Kapalua, HI",73,7596,68.36,56630,Akshay Bhatia,70.63%,1.7,304.9,63.93%,69.48,59.01%,0.56,29.27,71,270
2024 The Sentry,2024-01-04,81.0,74.0,0.0,15.7,61,Kapalua Resort (Plantation Course),"Kapalua, HI",73,7596,68.36,47591,Eric Cole,65.92%,1.82,299.0,54.27%,69.13,63.39%,0.27,27.75,70,270
2024 The Sentry,2024-01-05,81.0,73.9,0.02,10.9,33,Kapalua Resort (Plantation Course),"Kapalua, HI",73,7596,68.36,47591,Eric Cole,65.92%,1.82,299.0,54.27%,69.13,63.39%,0.27,27.75,66,270
2024 The Sentry,2024-01-06,81.0,73.7,0.067,9.8,55,Kapalua Resort (Plantation Course),"Kapalua, HI",73,7596,68.36,47591,Eric Cole,65.92%,1.82,299.0,54.27%,69.13,63.39%,0.27,27.75,69,270
2024 The Sentry,2024-01-07,81.0,74.3,0.071,10.4,14,Kapalua Resort (Plantation Course),"Kapalua, HI",73,7596,68.36,47591,Eric Cole,65.92%,1.82,299.0,54.27%,69.13,63.39%,0.27,27.75,65,270
2024 The Sentry,2024-01-04,81.0,74.0,0.0,15.7,61,Kapalua Resort (Plantation Course),"Kapalua, HI",73,7596,68.36,34099,Harris English,64.60%,1.34,297.3,62.07%,70.1,63.92%,0.43,28.58,71,270
2024 The Sentry,2024-01-05,81.0,73.9,0.02,10.9,33,Kapalua Resort (Plantation Course),"Kapalua, HI",73,7596,68.36,34099,Harris English,64.60%,1.34,297.3,62.07%,70.1,63.92%,0.43,28.58,66,270
2024 The Sentry,2024-01-06,81.0,73.7,0.067,9.8,55,Kapalua Resort (Plantation Course),"Kapalua, HI",73,7596,68.36,34099,Harris English,64.60%,1.34,297.3,62.07%,70.1,63.92%,0.43,28.58,64,270
2024 The Sentry,2024-01-07,81.0,74.3,0.071,10.4,14,Kapalua Resort (Plantation Course),"Kapalua, HI",73,7596,68.36,34099,Harris English,64.60%,1.34,297.3,62.07%,70.1,63.92%,0.43,28.58,69,270
2024 The Sentry,2024-01-04,81.0,74.0,0.0,15.7,61,Kapalua Resort (Plantation Course),"Kapalua, HI",73,7596,68.36,40098,Matt Fitzpatrick,65.14%,1.55,304.1,56.61%,69.96,64.63%,0.36,28.22,69,270
2024 The Sentry,2024-01-05,81.0,73.9,0.02,10.9,33,Kapalua Resort (Plantation Course),"Kapalua, HI",73,7596,68.36,40098,Matt Fitzpatrick,65.14%,1.55,304.1,56.61%,69.96,64.63%,0.36,28.22,64,270
2024 The Sentry,2024-01-06,81.0,73.7,0.067,9.8,55,Kapalua Resort (Plantation Course),"Kapalua, HI",73,7596,68.36,40098,Matt Fitzpatrick,65.14%,1.55,304.1,56.61%,69.96,64.63%,0.36,28.22,69,270
2024 The Sentry,2024-01-07,81.0,74.3,0.071,10.4,14,Kapalua Resort (Plantation Course),"Kapalua, HI",73,7596,68.36,40098,Matt Fitzpatrick,65.14%,1.55,304.1,56.61%,69.96,64.63%,0.36,28.22,68,270
2024 The Sentry,2024-01-04,81.0,74.0,0.0,15.7,61,Kapalua Resort (Plantation Course),"Kapalua, HI",73,7596,68.36,39977,Max Homa,66.86%,1.87,304.8,60.15%,69.2,64.52%,0.37,28.12,67,270
2024 The Sentry,2024-01-05,81.0,73.9,0.02,10.9,33,Kapalua Resort (Plantation Course),"Kapalua, HI",73,7596,68.36,39977,Max Homa,66.86%,1.87,304.8,60.15%,69.2,64.52%,0.37,28.12,69,270
2024 The Sentry,2024-01-06,81.0,73.7,0.067,9.8,55,Kapalua Resort (Plantation Course),"Kapalua, HI",73,7596,68.36,39977,Max Homa,66.86%,1.87,304.8,60.15%,69.2,64.52%,0.37,28.12,68,270
2024 The Sentry,2024-01-07,81.0,74.3,0.071,10.4,14,Kapalua Resort (Plantation Course),"Kapalua, HI",73,7596,68.36,39977,Max Homa,66.86%,1.87,304.8,60.15%,69.2,64.52%,0.37,28.12,66,270
2024 The Sentry,2024-01-04,81.0,74.0,0.0,15.7,61,Kapalua Resort (Plantation Course),"Kapalua, HI",73,7596,68.36,36699,Patrick Rodgers,65.63%,1.4,308.8,54.05%,69.97,61.97%,0.38,28.66,69,270
2024 The Sentry,2024-01-05,81.0,73.9,0.02,10.9,33,Kapalua Resort (Plantation Course),"Kapalua, HI",73,7596,68.36,36699,Patrick Rodgers,65.63%,1.4,308.8,54.05%,69.97,61.97%,0.38,28.66,65,270
2024 The Sentry,2024-01-06,81.0,73.7,0.067,9.8,55,Kapalua Resort (Plantation Course),"Kapalua, HI",73,7596,68.36,36699,Patrick Rodgers,65.63%,1.4,308.8,54.05%,69.97,61.97%,0.38,28.66,70,270
2024 The Sentry,2024-01-07,81.0,74.3,0.071,10.4,14,Kapalua Resort (Plantation Course),"Kapalua, HI",73,7596,68.36,36699,Patrick Rodgers,65.63%,1.4,308.8,54.05%,69.97,61.97%,0.38,28.66,66,270
2024 The Sentry,2024-01-04,81.0,74.0,0.0,15.7,61,Kapalua Resort (Plantation Course),"Kapalua, HI",73,7596,68.36,34363,Tyrrell Hatton,66.38%,1.67,306.5,59.41%,69.45,63.98%,0.37,28.33,69,270
2024 The Sentry,2024-01-05,81.0,73.9,0.02,10.9,33,Kapalua Resort (Plantation Course),"Kapalua, HI",73,7596,68.36,34363,Tyrrell Hatton,66.38%,1.67,306.5,59.41%,69.45,63.98%,0.37,28.33,62,270
2024 The Sentry,2024-01-06,81.0,73.7,0.067,9.8,55,Kapalua Resort (Plantation Course),"Kapalua, HI",73,7596,68.36,34363,Tyrrell Hatton,66.38%,1.67,306.5,59.41%,69.45,63.98%,0.37,28.33,72,270
2024 The Sentry,2024-01-07,81.0,74.3,0.071,10.4,14,Kapalua Resort (Plantation Course),"Kapalua, HI",73,7596,68.36,34363,Tyrrell Hatton,66.38%,1.67,306.5,59.41%,69.45,63.98%,0.37,28.33,67,270
2024 The Sentry,2024-01-04,81.0,74.0,0.0,15.7,61,Kapalua Resort (Plantation Course),"Kapalua, HI",73,7596,68.36,40006,Erik van Rooyen,68.38%,1.35,304.9,58.06%,70.36,53.15%,0.55,29.21,72,271
2024 The Sentry,2024-01-05,81.0,73.9,0.02,10.9,33,Kapalua Resort (Plantation Course),"Kapalua, HI",73,7596,68.36,40006,Erik van Rooyen,68.38%,1.35,304.9,58.06%,70.36,53.15%,0.55,29.21,65,271
2024 The Sentry,2024-01-06,81.0,73.7,0.067,9.8,55,Kapalua Resort (Plantation Course),"Kapalua, HI",73,7596,68.36,40006,Erik van Rooyen,68.38%,1.35,304.9,58.06%,70.36,53.15%,0.55,29.21,69,271
2024 The Sentry,2024-01-07,81.0,74.3,0.071,10.4,14,Kapalua Resort (Plantation Course),"Kapalua, HI",73,7596,68.36,40006,Erik van Rooyen,68.38%,1.35,304.9,58.06%,70.36,53.15%,0.55,29.21,65,271
2024 The Sentry,2024-01-04,81.0,74.0,0.0,15.7,61,Kapalua Resort (Plantation Course),"Kapalua, HI",73,7596,68.36,27129,Luke List,70.78%,1.43,311.3,54.47%,70.17,55.13%,0.59,29.71,67,271
2024 The Sentry,2024-01-05,81.0,73.9,0.02,10.9,33,Kapalua Resort (Plantation Course),"Kapalua, HI",73,7596,68.36,27129,Luke List,70.78%,1.43,311.3,54.47%,70.17,55.13%,0.59,29.71,70,271
2024 The Sentry,2024-01-06,81.0,73.7,0.067,9.8,55,Kapalua Resort (Plantation Course),"Kapalua, HI",73,7596,68.36,27129,Luke List,70.78%,1.43,311.3,54.47%,70.17,55.13%,0.59,29.71,68,271
2024 The Sentry,2024-01-07,81.0,74.3,0.071,10.4,14,Kapalua Resort (Plantation Course),"Kapalua, HI",73,7596,68.36,27129,Luke List,70.78%,1.43,311.3,54.47%,70.17,55.13%,0.59,29.71,66,271
2024 The Sentry,2024-01-04,81.0,74.0,0.0,15.7,61,Kapalua Resort (Plantation Course),"Kapalua, HI",73,7596,68.36,46717,Viktor Hovland,68.18%,1.82,307.6,63.70%,68.92,62.10%,0.43,28.24,65,271
2024 The Sentry,2024-01-05,81.0,73.9,0.02,10.9,33,Kapalua Resort (Plantation Course),"Kapalua, HI",73,7596,68.36,46717,Viktor Hovland,68.18%,1.82,307.6,63.70%,68.92,62.10%,0.43,28.24,67,271
2024 The Sentry,2024-01-06,81.0,73.7,0.067,9.8,55,Kapalua Resort (Plantation Course),"Kapalua, HI",73,7596,68.36,46717,Viktor Hovland,68.18%,1.82,307.6,63.70%,68.92,62.10%,0.43,28.24,72,271
2024 The Sentry,2024-01-07,81.0,74.3,0.071,10.4,14,Kapalua Resort (Plantation Course),"Kapalua, HI",73,7596,68.36,46717,Viktor Hovland,68.18%,1.82,307.6,63.70%,68.92,62.10%,0.43,28.24,67,271
2024 The Sentry,2024-01-04,81.0,74.0,0.0,15.7,61,Kapalua Resort (Plantation Course),"Kapalua, HI",73,7596,68.36,35506,Mackenzie Hughes,65.61%,1.42,299.5,55.35%,70.16,61.34%,0.37,28.57,68,272
2024 The Sentry,2024-01-05,81.0,73.9,0.02,10.9,33,Kapalua Resort (Plantation Course),"Kapalua, HI",73,7596,68.36,35506,Mackenzie Hughes,65.61%,1.42,299.5,55.35%,70.16,61.34%,0.37,28.57,70,272
2024 The Sentry,2024-01-06,81.0,73.7,0.067,9.8,55,Kapalua Resort (Plantation Course),"Kapalua, HI",73,7596,68.36,35506,Mackenzie Hughes,65.61%,1.42,299.5,55.35%,70.16,61.34%,0.37,28.57,70,272
2024 The Sentry,2024-01-07,81.0,74.3,0.071,10.4,14,Kapalua Resort (Plantation Course),"Kapalua, HI",73,7596,68.36,35506,Mackenzie Hughes,65.61%,1.42,299.5,55.35%,70.16,61.34%,0.37,28.57,64,272
2024 The Sentry,2024-01-04,81.0,74.0,0.0,15.7,61,Kapalua Resort (Plantation Course),"Kapalua, HI",73,7596,68.36,51349,Nico Echavarria,65.74%,1.24,299.4,59.67%,70.82,58.00%,0.33,29.17,70,272
2024 The Sentry,2024-01-05,81.0,73.9,0.02,10.9,33,Kapalua Resort (Plantation Course),"Kapalua, HI",73,7596,68.36,51349,Nico Echavarria,65.74%,1.24,299.4,59.67%,70.82,58.00%,0.33,29.17,67,272
2024 The Sentry,2024-01-06,81.0,73.7,0.067,9.8,55,Kapalua Resort (Plantation Course),"Kapalua, HI",73,7596,68.36,51349,Nico Echavarria,65.74%,1.24,299.4,59.67%,70.82,58.00%,0.33,29.17,68,272
2024 The Sentry,2024-01-07,81.0,74.3,0.071,10.4,14,Kapalua Resort (Plantation Course),"Kapalua, HI",73,7596,68.36,51349,Nico Echavarria,65.74%,1.24,299.4,59.67%,70.82,58.00%,0.33,29.17,67,272
2024 The Sentry,2024-01-04,81.0,74.0,0.0,15.7,61,Kapalua Resort (Plantation Course),"Kapalua, HI",73,7596,68.36,37455,Si Woo Kim,65.89%,1.48,296.9,67.80%,69.91,63.52%,0.44,28.57,70,272
2024 The Sentry,2024-01-05,81.0,73.9,0.02,10.9,33,Kapalua Resort (Plantation Course),"Kapalua, HI",73,7596,68.36,37455,Si Woo Kim,65.89%,1.48,296.9,67.80%,69.91,63.52%,0.44,28.57,66,272
2024 The Sentry,2024-01-06,81.0,73.7,0.067,9.8,55,Kapalua Resort (Plantation Course),"Kapalua, HI",73,7596,68.36,37455,Si Woo Kim,65.89%,1.48,296.9,67.80%,69.91,63.52%,0.44,28.57,70,272
2024 The Sentry,2024-01-07,81.0,74.3,0.071,10.4,14,Kapalua Resort (Plantation Course),"Kapalua, HI",73,7596,68.36,37455,Si Woo Kim,65.89%,1.48,296.9,67.80%,69.91,63.52%,0.44,28.57,66,272
2024 The Sentry,2024-01-04,81.0,74.0,0.0,15.7,61,Kapalua Resort (Plantation Course),"Kapalua, HI",73,7596,68.36,49947,Taylor Moore,64.14%,1.31,307.1,55.91%,70.33,61.66%,0.47,28.71,71,272
2024 The Sentry,2024-01-05,81.0,73.9,0.02,10.9,33,Kapalua Resort (Plantation Course),"Kapalua, HI",73,7596,68.36,49947,Taylor Moore,64.14%,1.31,307.1,55.91%,70.33,61.66%,0.47,28.71,65,272
2024 The Sentry,2024-01-06,81.0,73.7,0.067,9.8,55,Kapalua Resort (Plantation Course),"Kapalua, HI",73,7596,68.36,49947,Taylor Moore,64.14%,1.31,307.1,55.91%,70.33,61.66%,0.47,28.71,70,272
2024 The Sentry,2024-01-07,81.0,74.3,0.071,10.4,14,Kapalua Resort (Plantation Course),"Kapalua, HI",73,7596,68.36,49947,Taylor Moore,64.14%,1.31,307.1,55.91%,70.33,61.66%,0.47,28.71,66,272
2024 The Sentry,2024-01-04,81.0,74.0,0.0,15.7,61,Kapalua Resort (Plantation Course),"Kapalua, HI",73,7596,68.36,47347,Adam Schenk,67.74%,1.42,305.6,55.25%,69.94,61.65%,0.47,29.21,69,273
2024 The Sentry,2024-01-05,81.0,73.9,0.02,10.9,33,Kapalua Resort (Plantation Course),"Kapalua, HI",73,7596,68.36,47347,Adam Schenk,67.74%,1.42,305.6,55.25%,69.94,61.65%,0.47,29.21,65,273
2024 The Sentry,2024-01-06,81.0,73.7,0.067,9.8,55,Kapalua Resort (Plantation Course),"Kapalua, HI",73,7596,68.36,47347,Adam Schenk,67.74%,1.42,305.6,55.25%,69.94,61.65%,0.47,29.21,70,273
2024 The Sentry,2024-01-07,81.0,74.3,0.071,10.4,14,Kapalua Resort (Plantation Course),"Kapalua, HI",73,7596,68.36,47347,Adam Schenk,67.74%,1.42,305.6,55.25%,69.94,61.65%,0.47,29.21,69,273
2024 The Sentry,2024-01-04,81.0,74.0,0.0,15.7,61,Kapalua Resort (Plantation Course),"Kapalua, HI",73,7596,68.36,48117,Kurt Kitayama,63.27%,1.16,306.2,51.46%,70.65,59.03%,0.57,28.85,72,273
2024 The Sentry,2024-01-05,81.0,73.9,0.02,10.9,33,Kapalua Resort (Plantation Course),"Kapalua, HI",73,7596,68.36,48117,Kurt Kitayama,63.27%,1.16,306.2,51.46%,70.65,59.03%,0.57,28.85,64,273
2024 The Sentry,2024-01-06,81.0,73.7,0.067,9.8,55,Kapalua Resort (Plantation Course),"Kapalua, HI",73,7596,68.36,48117,Kurt Kitayama,63.27%,1.16,306.2,51.46%,70.65,59.03%,0.57,28.85,71,273
2024 The Sentry,2024-01-07,81.0,74.3,0.071,10.4,14,Kapalua Resort (Plantation Course),"Kapalua, HI",73,7596,68.36,48117,Kurt Kitayama,63.27%,1.16,306.2,51.46%,70.65,59.03%,0.57,28.85,66,273
2024 The Sentry,2024-01-04,81.0,74.0,0.0,15.7,61,Kapalua Resort (Plantation Course),"Kapalua, HI",73,7596,68.36,25900,Lucas Glover,70.50%,1.64,294.9,68.86%,69.89,62.71%,0.67,29.18,72,273
2024 The Sentry,2024-01-05,81.0,73.9,0.02,10.9,33,Kapalua Resort (Plantation Course),"Kapalua, HI",73,7596,68.36,25900,Lucas Glover,70.50%,1.64,294.9,68.86%,69.89,62.71%,0.67,29.18,66,273
2024 The Sentry,2024-01-06,81.0,73.7,0.067,9.8,55,Kapalua Resort (Plantation Course),"Kapalua, HI",73,7596,68.36,25900,Lucas Glover,70.50%,1.64,294.9,68.86%,69.89,62.71%,0.67,29.18,68,273
2024 The Sentry,2024-01-07,81.0,74.3,0.071,10.4,14,Kapalua Resort (Plantation Course),"Kapalua, HI",73,7596,68.36,25900,Lucas Glover,70.50%,1.64,294.9,68.86%,69.89,62.71%,0.67,29.18,67,273
2024 The Sentry,2024-01-04,81.0,74.0,0.0,15.7,61,Kapalua Resort (Plantation Course),"Kapalua, HI",73,7596,68.36,51766,Wyndham Clark,67.76%,1.69,313.5,54.91%,69.4,61.99%,0.4,28.4,71,273
2024 The Sentry,2024-01-05,81.0,73.9,0.02,10.9,33,Kapalua Resort (Plantation Course),"Kapalua, HI",73,7596,68.36,51766,Wyndham Clark,67.76%,1.69,313.5,54.91%,69.4,61.99%,0.4,28.4,68,273
2024 The Sentry,2024-01-06,81.0,73.7,0.067,9.8,55,Kapalua Resort (Plantation Course),"Kapalua, HI",73,7596,68.36,51766,Wyndham Clark,67.76%,1.69,313.5,54.91%,69.4,61.99%,0.4,28.4,71,273
2024 The Sentry,2024-01-07,81.0,74.3,0.071,10.4,14,Kapalua Resort (Plantation Course),"Kapalua, HI",73,7596,68.36,51766,Wyndham Clark,67.76%,1.69,313.5,54.91%,69.4,61.99%,0.4,28.4,63,273
2024 The Sentry,2024-01-04,81.0,74.0,0.0,15.7,61,Kapalua Resort (Plantation Course),"Kapalua, HI",73,7596,68.36,40115,Adam Svensson,67.94%,1.57,296.2,63.78%,69.73,62.50%,0.48,28.9,70,274
2024 The Sentry,2024-01-05,81.0,73.9,0.02,10.9,33,Kapalua Resort (Plantation Course),"Kapalua, HI",73,7596,68.36,40115,Adam Svensson,67.94%,1.57,296.2,63.78%,69.73,62.50%,0.48,28.9,68,274
2024 The Sentry,2024-01-06,81.0,73.7,0.067,9.8,55,Kapalua Resort (Plantation Course),"Kapalua, HI",73,7596,68.36,40115,Adam Svensson,67.94%,1.57,296.2,63.78%,69.73,62.50%,0.48,28.9,68,274
2024 The Sentry,2024-01-07,81.0,74.3,0.071,10.4,14,Kapalua Resort (Plantation Course),"Kapalua, HI",73,7596,68.36,40115,Adam Svensson,67.94%,1.57,296.2,63.78%,69.73,62.50%,0.48,28.9,68,274
2024 The Sentry,2024-01-04,81.0,74.0,0.0,15.7,61,Kapalua Resort (Plantation Course),"Kapalua, HI",73,7596,68.36,30927,Brendon Todd,66.19%,1.73,282.0,67.92%,69.63,65.40%,0.33,28.12,67,274
2024 The Sentry,2024-01-05,81.0,73.9,0.02,10.9,33,Kapalua Resort (Plantation Course),"Kapalua, HI",73,7596,68.36,30927,Brendon Todd,66.19%,1.73,282.0,67.92%,69.63,65.40%,0.33,28.12,64,274
2024 The Sentry,2024-01-06,81.0,73.7,0.067,9.8,55,Kapalua Resort (Plantation Course),"Kapalua, HI",73,7596,68.36,30927,Brendon Todd,66.19%,1.73,282.0,67.92%,69.63,65.40%,0.33,28.12,73,274
2024 The Sentry,2024-01-07,81.0,74.3,0.071,10.4,14,Kapalua Resort (Plantation Course),"Kapalua, HI",73,7596,68.36,30927,Brendon Todd,66.19%,1.73,282.0,67.92%,69.63,65.40%,0.33,28.12,70,274
2024 The Sentry,2024-01-04,81.0,74.0,0.0,15.7,61,Kapalua Resort (Plantation Course),"Kapalua, HI",73,7596,68.36,57366,Cameron Young,68.99%,1.59,315.7,59.05%,69.86,57.29%,0.48,29.1,68,274
2024 The Sentry,2024-01-05,81.0,73.9,0.02,10.9,33,Kapalua Resort (Plantation Course),"Kapalua, HI",73,7596,68.36,57366,Cameron Young,68.99%,1.59,315.7,59.05%,69.86,57.29%,0.48,29.1,67,274
2024 The Sentry,2024-01-06,81.0,73.7,0.067,9.8,55,Kapalua Resort (Plantation Course),"Kapalua, HI",73,7596,68.36,57366,Cameron Young,68.99%,1.59,315.7,59.05%,69.86,57.29%,0.48,29.1,74,274
2024 The Sentry,2024-01-07,81.0,74.3,0.071,10.4,14,Kapalua Resort (Plantation Course),"Kapalua, HI",73,7596,68.36,57366,Cameron Young,68.99%,1.59,315.7,59.05%,69.86,57.29%,0.48,29.1,65,274
2024 The Sentry,2024-01-04,81.0,74.0,0.0,15.7,61,Kapalua Resort (Plantation Course),"Kapalua, HI",73,7596,68.36,39997,Corey Conners,70.22%,1.52,300.6,61.40%,69.72,57.48%,0.45,29.42,69,274
2024 The Sentry,2024-01-05,81.0,73.9,0.02,10.9,33,Kapalua Resort (Plantation Course),"Kapalua, HI",73,7596,68.36,39997,Corey Conners,70.22%,1.52,300.6,61.40%,69.72,57.48%,0.45,29.42,70,274
2024 The Sentry,2024-01-06,81.0,73.7,0.067,9.8,55,Kapalua Resort (Plantation Course),"Kapalua, HI",73,7596,68.36,39997,Corey Conners,70.22%,1.52,300.6,61.40%,69.72,57.48%,0.45,29.42,68,274
2024 The Sentry,2024-01-07,81.0,74.3,0.071,10.4,14,Kapalua Resort (Plantation Course),"Kapalua, HI",73,7596,68.36,39997,Corey Conners,70.22%,1.52,300.6,61.40%,69.72,57.48%,0.45,29.42,67,274
2024 The Sentry,2024-01-04,81.0,74.0,0.0,15.7,61,Kapalua Resort (Plantation Course),"Kapalua, HI",73,7596,68.36,47504,Sam Burns,63.65%,1.48,311.4,56.61%,70.04,61.89%,0.31,28.15,69,274
2024 The Sentry,2024-01-05,81.0,73.9,0.02,10.9,33,Kapalua Resort (Plantation Course),"Kapalua, HI",73,7596,68.36,47504,Sam Burns,63.65%,1.48,311.4,56.61%,70.04,61.89%,0.31,28.15,68,274
2024 The Sentry,2024-01-06,81.0,73.7,0.067,9.8,55,Kapalua Resort (Plantation Course),"Kapalua, HI",73,7596,68.36,47504,Sam Burns,63.65%,1.48,311.4,56.61%,70.04,61.89%,0.31,28.15,68,274
2024 The Sentry,2024-01-07,81.0,74.3,0.071,10.4,14,Kapalua Resort (Plantation Course),"Kapalua, HI",73,7596,68.36,47504,Sam Burns,63.65%,1.48,311.4,56.61%,70.04,61.89%,0.31,28.15,69,274
2024 The Sentry,2024-01-04,81.0,74.0,0.0,15.7,61,Kapalua Resort (Plantation Course),"Kapalua, HI",73,7596,68.36,35532,Tom Hoge,67.36%,1.54,295.9,59.17%,69.9,58.10%,0.39,28.63,67,275
2024 The Sentry,2024-01-05,81.0,73.9,0.02,10.9,33,Kapalua Resort (Plantation Course),"Kapalua, HI",73,7596,68.36,35532,Tom Hoge,67.36%,1.54,295.9,59.17%,69.9,58.10%,0.39,28.63,69,275
2024 The Sentry,2024-01-06,81.0,73.7,0.067,9.8,55,Kapalua Resort (Plantation Course),"Kapalua, HI",73,7596,68.36,35532,Tom Hoge,67.36%,1.54,295.9,59.17%,69.9,58.10%,0.39,28.63,71,275
2024 The Sentry,2024-01-07,81.0,74.3,0.071,10.4,14,Kapalua Resort (Plantation Course),"Kapalua, HI",73,7596,68.36,35532,Tom Hoge,67.36%,1.54,295.9,59.17%,69.9,58.10%,0.39,28.63,68,275
2024 The Sentry,2024-01-04,81.0,74.0,0.0,15.7,61,Kapalua Resort (Plantation Course),"Kapalua, HI",73,7596,68.36,29725,Tony Finau,69.11%,1.62,304.2,60.70%,69.52,61.24%,0.56,29.14,69,275
2024 The Sentry,2024-01-05,81.0,73.9,0.02,10.9,33,Kapalua Resort (Plantation Course),"Kapalua, HI",73,7596,68.36,29725,Tony Finau,69.11%,1.62,304.2,60.70%,69.52,61.24%,0.56,29.14,66,275
2024 The Sentry,2024-01-06,81.0,73.7,0.067,9.8,55,Kapalua Resort (Plantation Course),"Kapalua, HI",73,7596,68.36,29725,Tony Finau,69.11%,1.62,304.2,60.70%,69.52,61.24%,0.56,29.14,71,275
2024 The Sentry,2024-01-07,81.0,74.3,0.071,10.4,14,Kapalua Resort (Plantation Course),"Kapalua, HI",73,7596,68.36,29725,Tony Finau,69.11%,1.62,304.2,60.70%,69.52,61.24%,0.56,29.14,69,275
2024 The Sentry,2024-01-04,81.0,74.0,0.0,15.7,61,Kapalua Resort (Plantation Course),"Kapalua, HI",73,7596,68.36,34256,Andrew Putnam,69.72%,1.64,284.7,64.45%,69.6,64.46%,0.37,29.05,74,276
2024 The Sentry,2024-01-05,81.0,73.9,0.02,10.9,33,Kapalua Resort (Plantation Course),"Kapalua, HI",73,7596,68.36,34256,Andrew Putnam,69.72%,1.64,284.7,64.45%,69.6,64.46%,0.37,29.05,71,276
2024 The Sentry,2024-01-06,81.0,73.7,0.067,9.8,55,Kapalua Resort (Plantation Course),"Kapalua, HI",73,7596,68.36,34256,Andrew Putnam,69.72%,1.64,284.7,64.45%,69.6,64.46%,0.37,29.05,67,276
2024 The Sentry,2024-01-07,81.0,74.3,0.071,10.4,14,Kapalua Resort (Plantation Course),"Kapalua, HI",73,7596,68.36,34256,Andrew Putnam,69.72%,1.64,284.7,64.45%,69.6,64.46%,0.37,29.05,64,276
2024 The Sentry,2024-01-04,81.0,74.0,0.0,15.7,61,Kapalua Resort (Plantation Course),"Kapalua, HI",73,7596,68.36,22405,Justin Rose,65.85%,1.51,295.2,62.67%,69.71,61.96%,0.49,28.22,71,276
2024 The Sentry,2024-01-05,81.0,73.9,0.02,10.9,33,Kapalua Resort (Plantation Course),"Kapalua, HI",73,7596,68.36,22405,Justin Rose,65.85%,1.51,295.2,62.67%,69.71,61.96%,0.49,28.22,69,276
2024 The Sentry,2024-01-06,81.0,73.7,0.067,9.8,55,Kapalua Resort (Plantation Course),"Kapalua, HI",73,7596,68.36,22405,Justin Rose,65.85%,1.51,295.2,62.67%,69.71,61.96%,0.49,28.22,75,276
2024 The Sentry,2024-01-07,81.0,74.3,0.071,10.4,14,Kapalua Resort (Plantation Course),"Kapalua, HI",73,7596,68.36,22405,Justin Rose,65.85%,1.51,295.2,62.67%,69.71,61.96%,0.49,28.22,61,276
2024 The Sentry,2024-01-04,81.0,74.0,0.0,15.7,61,Kapalua Resort (Plantation Course),"Kapalua, HI",73,7596,68.36,48887,Matt Wallace,64.62%,1.18,302.7,54.84%,70.74,60.00%,0.61,29.02,68,276
2024 The Sentry,2024-01-05,81.0,73.9,0.02,10.9,33,Kapalua Resort (Plantation Course),"Kapalua, HI",73,7596,68.36,48887,Matt Wallace,64.62%,1.18,302.7,54.84%,70.74,60.00%,0.61,29.02,70,276
2024 The Sentry,2024-01-06,81.0,73.7,0.067,9.8,55,Kapalua Resort (Plantation Course),"Kapalua, HI",73,7596,68.36,48887,Matt Wallace,64.62%,1.18,302.7,54.84%,70.74,60.00%,0.61,29.02,69,276
2024 The Sentry,2024-01-07,81.0,74.3,0.071,10.4,14,Kapalua Resort (Plantation Course),"Kapalua, HI",73,7596,68.36,48887,Matt Wallace,64.62%,1.18,302.7,54.84%,70.74,60.00%,0.61,29.02,69,276
2024 The Sentry,2024-01-04,81.0,74.0,0.0,15.7,61,Kapalua Resort (Plantation Course),"Kapalua, HI",73,7596,68.36,47993,Denny McCarthy,66.94%,1.63,295.5,61.50%,69.42,65.04%,0.43,28.33,70,277
2024 The Sentry,2024-01-05,81.0,73.9,0.02,10.9,33,Kapalua Resort (Plantation Course),"Kapalua, HI",73,7596,68.36,47993,Denny McCarthy,66.94%,1.63,295.5,61.50%,69.42,65.04%,0.43,28.33,69,277
2024 The Sentry,2024-01-06,81.0,73.7,0.067,9.8,55,Kapalua Resort (Plantation Course),"Kapalua, HI",73,7596,68.36,47993,Denny McCarthy,66.94%,1.63,295.5,61.50%,69.42,65.04%,0.43,28.33,71,277
2024 The Sentry,2024-01-07,81.0,74.3,0.071,10.4,14,Kapalua Resort (Plantation Course),"Kapalua, HI",73,7596,68.36,47993,Denny McCarthy,66.94%,1.63,295.5,61.50%,69.42,65.04%,0.43,28.33,67,277
2024 The Sentry,2024-01-04,81.0,74.0,0.0,15.7,61,Kapalua Resort (Plantation Course),"Kapalua, HI",73,7596,68.36,31646,Emiliano Grillo,67.99%,1.43,301.3,61.35%,70.13,58.37%,0.4,28.95,66,277
2024 The Sentry,2024-01-05,81.0,73.9,0.02,10.9,33,Kapalua Resort (Plantation Course),"Kapalua, HI",73,7596,68.36,31646,Emiliano Grillo,67.99%,1.43,301.3,61.35%,70.13,58.37%,0.4,28.95,68,277
2024 The Sentry,2024-01-06,81.0,73.7,0.067,9.8,55,Kapalua Resort (Plantation Course),"Kapalua, HI",73,7596,68.36,31646,Emiliano Grillo,67.99%,1.43,301.3,61.35%,70.13,58.37%,0.4,28.95,72,277
2024 The Sentry,2024-01-07,81.0,74.3,0.071,10.4,14,Kapalua Resort (Plantation Course),"Kapalua, HI",73,7596,68.36,31646,Emiliano Grillo,67.99%,1.43,301.3,61.35%,70.13,58.37%,0.4,28.95,71,277
2024 The Sentry,2024-01-04,81.0,74.0,0.0,15.7,61,Kapalua Resort (Plantation Course),"Kapalua, HI",73,7596,68.36,33141,Keegan Bradley,67.07%,1.5,305.6,58.49%,69.8,57.00%,0.32,28.82,69,278
2024 The Sentry,2024-01-05,81.0,73.9,0.02,10.9,33,Kapalua Resort (Plantation Course),"Kapalua, HI",73,7596,68.36,33141,Keegan Bradley,67.07%,1.5,305.6,58.49%,69.8,57.00%,0.32,28.82,70,278
2024 The Sentry,2024-01-06,81.0,73.7,0.067,9.8,55,Kapalua Resort (Plantation Course),"Kapalua, HI",73,7596,68.36,33141,Keegan Bradley,67.07%,1.5,305.6,58.49%,69.8,57.00%,0.32,28.82,72,278
2024 The Sentry,2024-01-07,81.0,74.3,0.071,10.4,14,Kapalua Resort (Plantation Course),"Kapalua, HI",73,7596,68.36,33141,Keegan Bradley,67.07%,1.5,305.6,58.49%,69.8,57.00%,0.32,28.82,67,278
2024 The Sentry,2024-01-04,81.0,74.0,0.0,15.7,61,Kapalua Resort (Plantation Course),"Kapalua, HI",73,7596,68.36,55182,Tom Kim,69.51%,1.79,297.6,67.49%,69.17,61.54%,0.42,28.7,68,278
2024 The Sentry,2024-01-05,81.0,73.9,0.02,10.9,33,Kapalua Resort (Plantation Course),"Kapalua, HI",73,7596,68.36,55182,Tom Kim,69.51%,1.79,297.6,67.49%,69.17,61.54%,0.42,28.7,70,278
2024 The Sentry,2024-01-06,81.0,73.7,0.067,9.8,55,Kapalua Resort (Plantation Course),"Kapalua, HI",73,7596,68.36,55182,Tom Kim,69.51%,1.79,297.6,67.49%,69.17,61.54%,0.42,28.7,74,278
2024 The Sentry,2024-01-07,81.0,74.3,0.071,10.4,14,Kapalua Resort (Plantation Course),"Kapalua, HI",73,7596,68.36,55182,Tom Kim,69.51%,1.79,297.6,67.49%,69.17,61.54%,0.42,28.7,66,278
2024 The Sentry,2024-01-04,81.0,74.0,0.0,15.7,61,Kapalua Resort (Plantation Course),"Kapalua, HI",73,7596,68.36,52955,Ludvig berg,73.33%,2.27,317.1,65.47%,68.32,60.83%,0.36,28.7,69,279
2024 The Sentry,2024-01-05,81.0,73.9,0.02,10.9,33,Kapalua Resort (Plantation Course),"Kapalua, HI",73,7596,68.36,52955,Ludvig berg,73.33%,2.27,317.1,65.47%,68.32,60.83%,0.36,28.7,70,279
2024 The Sentry,2024-01-06,81.0,73.7,0.067,9.8,55,Kapalua Resort (Plantation Course),"Kapalua, HI",73,7596,68.36,52955,Ludvig berg,73.33%,2.27,317.1,65.47%,68.32,60.83%,0.36,28.7,77,279
2024 The Sentry,2024-01-07,81.0,74.3,0.071,10.4,14,Kapalua Resort (Plantation Course),"Kapalua, HI",73,7596,68.36,52955,Ludvig berg,73.33%,2.27,317.1,65.47%,68.32,60.83%,0.36,28.7,63,279
2024 The Sentry,2024-01-04,81.0,74.0,0.0,15.7,61,Kapalua Resort (Plantation Course),"Kapalua, HI",73,7596,68.36,47988,Nick Hardy,69.11%,1.47,309.2,57.28%,69.96,57.32%,0.45,29.1,71,279
2024 The Sentry,2024-01-05,81.0,73.9,0.02,10.9,33,Kapalua Resort (Plantation Course),"Kapalua, HI",73,7596,68.36,47988,Nick Hardy,69.11%,1.47,309.2,57.28%,69.96,57.32%,0.45,29.1,67,279
2024 The Sentry,2024-01-06,81.0,73.7,0.067,9.8,55,Kapalua Resort (Plantation Course),"Kapalua, HI",73,7596,68.36,47988,Nick Hardy,69.11%,1.47,309.2,57.28%,69.96,57.32%,0.45,29.1,75,279
2024 The Sentry,2024-01-07,81.0,74.3,0.071,10.4,14,Kapalua Resort (Plantation Course),"Kapalua, HI",73,7596,68.36,47988,Nick Hardy,69.11%,1.47,309.2,57.28%,69.96,57.32%,0.45,29.1,66,279
2024 The Sentry,2024-01-04,81.0,74.0,0.0,15.7,61,Kapalua Resort (Plantation Course),"Kapalua, HI",73,7596,68.36,30911,Tommy Fleetwood,64.56%,1.63,302.3,61.82%,69.35,65.47%,0.34,28.07,70,279
2024 The Sentry,2024-01-05,81.0,73.9,0.02,10.9,33,Kapalua Resort (Plantation Course),"Kapalua, HI",73,7596,68.36,30911,Tommy Fleetwood,64.56%,1.63,302.3,61.82%,69.35,65.47%,0.34,28.07,70,279
2024 The Sentry,2024-01-06,81.0,73.7,0.067,9.8,55,Kapalua Resort (Plantation Course),"Kapalua, HI",73,7596,68.36,30911,Tommy Fleetwood,64.56%,1.63,302.3,61.82%,69.35,65.47%,0.34,28.07,69,279
2024 The Sentry,2024-01-07,81.0,74.3,0.071,10.4,14,Kapalua Resort (Plantation Course),"Kapalua, HI",73,7596,68.36,30911,Tommy Fleetwood,64.56%,1.63,302.3,61.82%,69.35,65.47%,0.34,28.07,70,279
2024 The Sentry,2024-01-04,81.0,74.0,0.0,15.7,61,Kapalua Resort (Plantation Course),"Kapalua, HI",73,7596,68.36,28252,Seamus Power,65.45%,1.4,300.0,58.75%,70.29,58.04%,0.33,28.5,71,280
2024 The Sentry,2024-01-05,81.0,73.9,0.02,10.9,33,Kapalua Resort (Plantation Course),"Kapalua, HI",73,7596,68.36,28252,Seamus Power,65.45%,1.4,300.0,58.75%,70.29,58.04%,0.33,28.5,71,280
2024 The Sentry,2024-01-06,81.0,73.7,0.067,9.8,55,Kapalua Resort (Plantation Course),"Kapalua, HI",73,7596,68.36,28252,Seamus Power,65.45%,1.4,300.0,58.75%,70.29,58.04%,0.33,28.5,71,280
2024 The Sentry,2024-01-07,81.0,74.3,0.071,10.4,14,Kapalua Resort (Plantation Course),"Kapalua, HI",73,7596,68.36,28252,Seamus Power,65.45%,1.4,300.0,58.75%,70.29,58.04%,0.33,28.5,67,280
2024 The Sentry,2024-01-04,81.0,74.0,0.0,15.7,61,Kapalua Resort (Plantation Course),"Kapalua, HI",73,7596,68.36,45157,Cam Davis,67.77%,1.51,311.0,55.39%,69.6,61.36%,0.6,28.97,75,281
2024 The Sentry,2024-01-05,81.0,73.9,0.02,10.9,33,Kapalua Resort (Plantation Course),"Kapalua, HI",73,7596,68.36,45157,Cam Davis,67.77%,1.51,311.0,55.39%,69.6,61.36%,0.6,28.97,68,281
2024 The Sentry,2024-01-06,81.0,73.7,0.067,9.8,55,Kapalua Resort (Plantation Course),"Kapalua, HI",73,7596,68.36,45157,Cam Davis,67.77%,1.51,311.0,55.39%,69.6,61.36%,0.6,28.97,73,281
2024 The Sentry,2024-01-07,81.0,74.3,0.071,10.4,14,Kapalua Resort (Plantation Course),"Kapalua, HI",73,7596,68.36,45157,Cam Davis,67.77%,1.51,311.0,55.39%,69.6,61.36%,0.6,28.97,65,281
2024 The Sentry,2024-01-04,81.0,74.0,0.0,15.7,61,Kapalua Resort (Plantation Course),"Kapalua, HI",73,7596,68.36,47995,Davis Riley,66.01%,1.23,305.9,58.92%,70.5,54.65%,0.56,29.0,70,281
2024 The Sentry,2024-01-05,81.0,73.9,0.02,10.9,33,Kapalua Resort (Plantation Course),"Kapalua, HI",73,7596,68.36,47995,Davis Riley,66.01%,1.23,305.9,58.92%,70.5,54.65%,0.56,29.0,71,281
2024 The Sentry,2024-01-06,81.0,73.7,0.067,9.8,55,Kapalua Resort (Plantation Course),"Kapalua, HI",73,7596,68.36,47995,Davis Riley,66.01%,1.23,305.9,58.92%,70.5,54.65%,0.56,29.0,76,281
2024 The Sentry,2024-01-07,81.0,74.3,0.071,10.4,14,Kapalua Resort (Plantation Course),"Kapalua, HI",73,7596,68.36,47995,Davis Riley,66.01%,1.23,305.9,58.92%,70.5,54.65%,0.56,29.0,64,281
2024 The Sentry,2024-01-04,81.0,74.0,0.0,15.7,61,Kapalua Resort (Plantation Course),"Kapalua, HI",73,7596,68.36,25493,Nick Taylor,65.59%,1.46,293.7,58.49%,69.85,60.42%,0.38,28.28,69,281
2024 The Sentry,2024-01-05,81.0,73.9,0.02,10.9,33,Kapalua Resort (Plantation Course),"Kapalua, HI",73,7596,68.36,25493,Nick Taylor,65.59%,1.46,293.7,58.49%,69.85,60.42%,0.38,28.28,69,281
2024 The Sentry,2024-01-06,81.0,73.7,0.067,9.8,55,Kapalua Resort (Plantation Course),"Kapalua, HI",73,7596,68.36,25493,Nick Taylor,65.59%,1.46,293.7,58.49%,69.85,60.42%,0.38,28.28,73,281
2024 The Sentry,2024-01-07,81.0,74.3,0.071,10.4,14,Kapalua Resort (Plantation Course),"Kapalua, HI",73,7596,68.36,25493,Nick Taylor,65.59%,1.46,293.7,58.49%,69.85,60.42%,0.38,28.28,70,281
2024 The Sentry,2024-01-04,81.0,74.0,0.0,15.7,61,Kapalua Resort (Plantation Course),"Kapalua, HI",73,7596,68.36,34098,Russell Henley,69.51%,1.72,290.9,72.57%,69.31,63.99%,0.43,28.81,69,281
2024 The Sentry,2024-01-05,81.0,73.9,0.02,10.9,33,Kapalua Resort (Plantation Course),"Kapalua, HI",73,7596,68.36,34098,Russell Henley,69.51%,1.72,290.9,72.57%,69.31,63.99%,0.43,28.81,72,281
2024 The Sentry,2024-01-06,81.0,73.7,0.067,9.8,55,Kapalua Resort (Plantation Course),"Kapalua, HI",73,7596,68.36,34098,Russell Henley,69.51%,1.72,290.9,72.57%,69.31,63.99%,0.43,28.81,72,281
2024 The Sentry,2024-01-07,81.0,74.3,0.071,10.4,14,Kapalua Resort (Plantation Course),"Kapalua, HI",73,7596,68.36,34098,Russell Henley,69.51%,1.72,290.9,72.57%,69.31,63.99%,0.43,28.81,68,281
2024 The Sentry,2024-01-04,81.0,74.0,0.0,15.7,61,Kapalua Resort (Plantation Course),"Kapalua, HI",73,7596,68.36,32102,Rickie Fowler,68.11%,1.66,308.1,58.51%,69.38,61.52%,0.43,28.52,70,282
2024 The Sentry,2024-01-05,81.0,73.9,0.02,10.9,33,Kapalua Resort (Plantation Course),"Kapalua, HI",73,7596,68.36,32102,Rickie Fowler,68.11%,1.66,308.1,58.51%,69.38,61.52%,0.43,28.52,67,282
2024 The Sentry,2024-01-06,81.0,73.7,0.067,9.8,55,Kapalua Resort (Plantation Course),"Kapalua, HI",73,7596,68.36,32102,Rickie Fowler,68.11%,1.66,308.1,58.51%,69.38,61.52%,0.43,28.52,75,282
2024 The Sentry,2024-01-07,81.0,74.3,0.071,10.4,14,Kapalua Resort (Plantation Course),"Kapalua, HI",73,7596,68.36,32102,Rickie Fowler,68.11%,1.66,308.1,58.51%,69.38,61.52%,0.43,28.52,70,282
2024 The Sentry,2024-01-04,81.0,74.0,0.0,15.7,61,Kapalua Resort (Plantation Course),"Kapalua, HI",73,7596,68.36,54628,Lee Hodges,65.52%,1.26,300.3,60.14%,70.33,60.84%,0.46,28.94,72,283
2024 The Sentry,2024-01-05,81.0,73.9,0.02,10.9,33,Kapalua Resort (Plantation Course),"Kapalua, HI",73,7596,68.36,54628,Lee Hodges,65.52%,1.26,300.3,60.14%,70.33,60.84%,0.46,28.94,65,283
2024 The Sentry,2024-01-06,81.0,73.7,0.067,9.8,55,Kapalua Resort (Plantation Course),"Kapalua, HI",73,7596,68.36,54628,Lee Hodges,65.52%,1.26,300.3,60.14%,70.33,60.84%,0.46,28.94,77,283
2024 The Sentry,2024-01-07,81.0,74.3,0.071,10.4,14,Kapalua Resort (Plantation Course),"Kapalua, HI",73,7596,68.36,54628,Lee Hodges,65.52%,1.26,300.3,60.14%,70.33,60.84%,0.46,28.94,69,283
2024 The Sentry,2024-01-04,81.0,74.0,0.0,15.7,61,Kapalua Resort (Plantation Course),"Kapalua, HI",73,7596,68.36,32839,Hideki Matsuyama,66.86%,1.56,297.2,59.52%,69.94,63.78%,0.47,28.77,71,284
2024 The Sentry,2024-01-05,81.0,73.9,0.02,10.9,33,Kapalua Resort (Plantation Course),"Kapalua, HI",73,7596,68.36,32839,Hideki Matsuyama,66.86%,1.56,297.2,59.52%,69.94,63.78%,0.47,28.77,68,284
2024 The Sentry,2024-01-06,81.0,73.7,0.067,9.8,55,Kapalua Resort (Plantation Course),"Kapalua, HI",73,7596,68.36,32839,Hideki Matsuyama,66.86%,1.56,297.2,59.52%,69.94,63.78%,0.47,28.77,76,284
2024 The Sentry,2024-01-07,81.0,74.3,0.071,10.4,14,Kapalua Resort (Plantation Course),"Kapalua, HI",73,7596,68.36,32839,Hideki Matsuyama,66.86%,1.56,297.2,59.52%,69.94,63.78%,0.47,28.77,69,284
2024 The Sentry,2024-01-04,81.0,74.0,0.0,15.7,61,Kapalua Resort (Plantation Course),"Kapalua, HI",73,7596,68.36,51070,Vincent Norrman,69.02%,1.46,314.2,57.85%,69.96,57.59%,0.62,29.39,73,286
2024 The Sentry,2024-01-05,81.0,73.9,0.02,10.9,33,Kapalua Resort (Plantation Course),"Kapalua, HI",73,7596,68.36,51070,Vincent Norrman,69.02%,1.46,314.2,57.85%,69.96,57.59%,0.62,29.39,70,286
2024 The Sentry,2024-01-06,81.0,73.7,0.067,9.8,55,Kapalua Resort (Plantation Course),"Kapalua, HI",73,7596,68.36,51070,Vincent Norrman,69.02%,1.46,314.2,57.85%,69.96,57.59%,0.62,29.39,74,286
2024 The Sentry,2024-01-07,81.0,74.3,0.071,10.4,14,Kapalua Resort (Plantation Course),"Kapalua, HI",73,7596,68.36,51070,Vincent Norrman,69.02%,1.46,314.2,57.85%,69.96,57.59%,0.62,29.39,69,286
