TOURNAMENT_NAME,ROUND_DATE,ROUND_NUMBER,ELEVATION,TEMPERATURE,PRECIPITATION,WIND_SPEED,WIND_DIRECTION,COURSE_NAME,COURSE_LOCATION,PLAYER_NAME,PAR,LENGTH,COURSE_AVERAGE_SCORE,SCORE,TOTAL_SCORE,R1_AVG_SCORE,R2_AVG_SCORE,R3_AVG_SCORE,R4_AVG_SCORE
2022 PGA Championship,2022-05-19,1,217.0,79.6,0.0,14.2,179,Southern Hills Country Club,"Tulsa, OK",Justin Thomas,70,7556,,67,275,75.1,75.05,72.44,71.36
2022 PGA Championship,2022-05-20,2,217.0,81.1,0.031,22.1,192,Southern Hills Country Club,"Tulsa, OK",Justin Thomas,70,7556,,67,275,75.1,75.05,72.44,71.36
2022 PGA Championship,2022-05-21,3,217.0,63.8,0.689,16.5,15,Southern Hills Country Club,"Tulsa, OK",Justin Thomas,70,7556,,74,275,75.1,75.05,72.44,71.36
2022 PGA Championship,2022-05-22,4,217.0,59.4,0.0,13.7,24,Southern Hills Country Club,"Tulsa, OK",Justin Thomas,70,7556,,67,275,75.1,75.05,72.44,71.36
2022 PGA Championship,2022-05-19,1,217.0,79.6,0.0,14.2,179,Southern Hills Country Club,"Tulsa, OK",Will Zalatoris,70,7556,,66,275,75.1,75.05,72.44,71.36
2022 PGA Championship,2022-05-20,2,217.0,81.1,0.031,22.1,192,Southern Hills Country Club,"Tulsa, OK",Will Zalatoris,70,7556,,65,275,75.1,75.05,72.44,71.36
2022 PGA Championship,2022-05-21,3,217.0,63.8,0.689,16.5,15,Southern Hills Country Club,"Tulsa, OK",Will Zalatoris,70,7556,,73,275,75.1,75.05,72.44,71.36
2022 PGA Championship,2022-05-22,4,217.0,59.4,0.0,13.7,24,Southern Hills Country Club,"Tulsa, OK",Will Zalatoris,70,7556,,71,275,75.1,75.05,72.44,71.36
2022 PGA Championship,2022-05-19,1,217.0,79.6,0.0,14.2,179,Southern Hills Country Club,"Tulsa, OK",Cameron Young,70,7556,,71,276,75.1,75.05,72.44,71.36
2022 PGA Championship,2022-05-20,2,217.0,81.1,0.031,22.1,192,Southern Hills Country Club,"Tulsa, OK",Cameron Young,70,7556,,67,276,75.1,75.05,72.44,71.36
2022 PGA Championship,2022-05-21,3,217.0,63.8,0.689,16.5,15,Southern Hills Country Club,"Tulsa, OK",Cameron Young,70,7556,,67,276,75.1,75.05,72.44,71.36
2022 PGA Championship,2022-05-22,4,217.0,59.4,0.0,13.7,24,Southern Hills Country Club,"Tulsa, OK",Cameron Young,70,7556,,71,276,75.1,75.05,72.44,71.36
2022 PGA Championship,2022-05-19,1,217.0,79.6,0.0,14.2,179,Southern Hills Country Club,"Tulsa, OK",Mito Pereira,70,7556,,68,276,75.1,75.05,72.44,71.36
2022 PGA Championship,2022-05-20,2,217.0,81.1,0.031,22.1,192,Southern Hills Country Club,"Tulsa, OK",Mito Pereira,70,7556,,64,276,75.1,75.05,72.44,71.36
2022 PGA Championship,2022-05-21,3,217.0,63.8,0.689,16.5,15,Southern Hills Country Club,"Tulsa, OK",Mito Pereira,70,7556,,69,276,75.1,75.05,72.44,71.36
2022 PGA Championship,2022-05-22,4,217.0,59.4,0.0,13.7,24,Southern Hills Country Club,"Tulsa, OK",Mito Pereira,70,7556,,75,276,75.1,75.05,72.44,71.36
2022 PGA Championship,2022-05-19,1,217.0,79.6,0.0,14.2,179,Southern Hills Country Club,"Tulsa, OK",Tommy Fleetwood,70,7556,,71,277,75.1,75.05,72.44,71.36
2022 PGA Championship,2022-05-20,2,217.0,81.1,0.031,22.1,192,Southern Hills Country Club,"Tulsa, OK",Tommy Fleetwood,70,7556,,70,277,75.1,75.05,72.44,71.36
2022 PGA Championship,2022-05-21,3,217.0,63.8,0.689,16.5,15,Southern Hills Country Club,"Tulsa, OK",Tommy Fleetwood,70,7556,,69,277,75.1,75.05,72.44,71.36
2022 PGA Championship,2022-05-22,4,217.0,59.4,0.0,13.7,24,Southern Hills Country Club,"Tulsa, OK",Tommy Fleetwood,70,7556,,67,277,75.1,75.05,72.44,71.36
2022 PGA Championship,2022-05-19,1,217.0,79.6,0.0,14.2,179,Southern Hills Country Club,"Tulsa, OK",Chris Kirk,70,7556,,68,277,75.1,75.05,72.44,71.36
2022 PGA Championship,2022-05-20,2,217.0,81.1,0.031,22.1,192,Southern Hills Country Club,"Tulsa, OK",Chris Kirk,70,7556,,70,277,75.1,75.05,72.44,71.36
2022 PGA Championship,2022-05-21,3,217.0,63.8,0.689,16.5,15,Southern Hills Country Club,"Tulsa, OK",Chris Kirk,70,7556,,71,277,75.1,75.05,72.44,71.36
2022 PGA Championship,2022-05-22,4,217.0,59.4,0.0,13.7,24,Southern Hills Country Club,"Tulsa, OK",Chris Kirk,70,7556,,68,277,75.1,75.05,72.44,71.36
2022 PGA Championship,2022-05-19,1,217.0,79.6,0.0,14.2,179,Southern Hills Country Club,"Tulsa, OK",Matt Fitzpatrick,70,7556,,68,277,75.1,75.05,72.44,71.36
2022 PGA Championship,2022-05-20,2,217.0,81.1,0.031,22.1,192,Southern Hills Country Club,"Tulsa, OK",Matt Fitzpatrick,70,7556,,69,277,75.1,75.05,72.44,71.36
2022 PGA Championship,2022-05-21,3,217.0,63.8,0.689,16.5,15,Southern Hills Country Club,"Tulsa, OK",Matt Fitzpatrick,70,7556,,67,277,75.1,75.05,72.44,71.36
2022 PGA Championship,2022-05-22,4,217.0,59.4,0.0,13.7,24,Southern Hills Country Club,"Tulsa, OK",Matt Fitzpatrick,70,7556,,73,277,75.1,75.05,72.44,71.36
2022 PGA Championship,2022-05-19,1,217.0,79.6,0.0,14.2,179,Southern Hills Country Club,"Tulsa, OK",Rory McIlroy,70,7556,,65,278,75.1,75.05,72.44,71.36
2022 PGA Championship,2022-05-20,2,217.0,81.1,0.031,22.1,192,Southern Hills Country Club,"Tulsa, OK",Rory McIlroy,70,7556,,71,278,75.1,75.05,72.44,71.36
2022 PGA Championship,2022-05-21,3,217.0,63.8,0.689,16.5,15,Southern Hills Country Club,"Tulsa, OK",Rory McIlroy,70,7556,,74,278,75.1,75.05,72.44,71.36
2022 PGA Championship,2022-05-22,4,217.0,59.4,0.0,13.7,24,Southern Hills Country Club,"Tulsa, OK",Rory McIlroy,70,7556,,68,278,75.1,75.05,72.44,71.36
2022 PGA Championship,2022-05-19,1,217.0,79.6,0.0,14.2,179,Southern Hills Country Club,"Tulsa, OK",Brendan Steele,70,7556,,70,279,75.1,75.05,72.44,71.36
2022 PGA Championship,2022-05-20,2,217.0,81.1,0.031,22.1,192,Southern Hills Country Club,"Tulsa, OK",Brendan Steele,70,7556,,72,279,75.1,75.05,72.44,71.36
2022 PGA Championship,2022-05-21,3,217.0,63.8,0.689,16.5,15,Southern Hills Country Club,"Tulsa, OK",Brendan Steele,70,7556,,69,279,75.1,75.05,72.44,71.36
2022 PGA Championship,2022-05-22,4,217.0,59.4,0.0,13.7,24,Southern Hills Country Club,"Tulsa, OK",Brendan Steele,70,7556,,68,279,75.1,75.05,72.44,71.36
2022 PGA Championship,2022-05-19,1,217.0,79.6,0.0,14.2,179,Southern Hills Country Club,"Tulsa, OK",Tom Hoge,70,7556,,66,279,75.1,75.05,72.44,71.36
2022 PGA Championship,2022-05-20,2,217.0,81.1,0.031,22.1,192,Southern Hills Country Club,"Tulsa, OK",Tom Hoge,70,7556,,74,279,75.1,75.05,72.44,71.36
2022 PGA Championship,2022-05-21,3,217.0,63.8,0.689,16.5,15,Southern Hills Country Club,"Tulsa, OK",Tom Hoge,70,7556,,70,279,75.1,75.05,72.44,71.36
2022 PGA Championship,2022-05-22,4,217.0,59.4,0.0,13.7,24,Southern Hills Country Club,"Tulsa, OK",Tom Hoge,70,7556,,69,279,75.1,75.05,72.44,71.36
2022 PGA Championship,2022-05-19,1,217.0,79.6,0.0,14.2,179,Southern Hills Country Club,"Tulsa, OK",Séamus Power,70,7556,,71,279,75.1,75.05,72.44,71.36
2022 PGA Championship,2022-05-20,2,217.0,81.1,0.031,22.1,192,Southern Hills Country Club,"Tulsa, OK",Séamus Power,70,7556,,69,279,75.1,75.05,72.44,71.36
2022 PGA Championship,2022-05-21,3,217.0,63.8,0.689,16.5,15,Southern Hills Country Club,"Tulsa, OK",Séamus Power,70,7556,,67,279,75.1,75.05,72.44,71.36
2022 PGA Championship,2022-05-22,4,217.0,59.4,0.0,13.7,24,Southern Hills Country Club,"Tulsa, OK",Séamus Power,70,7556,,72,279,75.1,75.05,72.44,71.36
2022 PGA Championship,2022-05-19,1,217.0,79.6,0.0,14.2,179,Southern Hills Country Club,"Tulsa, OK",Abraham Ancer,70,7556,,67,279,75.1,75.05,72.44,71.36
2022 PGA Championship,2022-05-20,2,217.0,81.1,0.031,22.1,192,Southern Hills Country Club,"Tulsa, OK",Abraham Ancer,70,7556,,69,279,75.1,75.05,72.44,71.36
2022 PGA Championship,2022-05-21,3,217.0,63.8,0.689,16.5,15,Southern Hills Country Club,"Tulsa, OK",Abraham Ancer,70,7556,,70,279,75.1,75.05,72.44,71.36
2022 PGA Championship,2022-05-22,4,217.0,59.4,0.0,13.7,24,Southern Hills Country Club,"Tulsa, OK",Abraham Ancer,70,7556,,73,279,75.1,75.05,72.44,71.36
2022 PGA Championship,2022-05-19,1,217.0,79.6,0.0,14.2,179,Southern Hills Country Club,"Tulsa, OK",Justin Rose,70,7556,,71,280,75.1,75.05,72.44,71.36
2022 PGA Championship,2022-05-20,2,217.0,81.1,0.031,22.1,192,Southern Hills Country Club,"Tulsa, OK",Justin Rose,70,7556,,70,280,75.1,75.05,72.44,71.36
2022 PGA Championship,2022-05-21,3,217.0,63.8,0.689,16.5,15,Southern Hills Country Club,"Tulsa, OK",Justin Rose,70,7556,,71,280,75.1,75.05,72.44,71.36
2022 PGA Championship,2022-05-22,4,217.0,59.4,0.0,13.7,24,Southern Hills Country Club,"Tulsa, OK",Justin Rose,70,7556,,68,280,75.1,75.05,72.44,71.36
2022 PGA Championship,2022-05-19,1,217.0,79.6,0.0,14.2,179,Southern Hills Country Club,"Tulsa, OK",Tyrrell Hatton,70,7556,,70,280,75.1,75.05,72.44,71.36
2022 PGA Championship,2022-05-20,2,217.0,81.1,0.031,22.1,192,Southern Hills Country Club,"Tulsa, OK",Tyrrell Hatton,70,7556,,68,280,75.1,75.05,72.44,71.36
2022 PGA Championship,2022-05-21,3,217.0,63.8,0.689,16.5,15,Southern Hills Country Club,"Tulsa, OK",Tyrrell Hatton,70,7556,,74,280,75.1,75.05,72.44,71.36
2022 PGA Championship,2022-05-22,4,217.0,59.4,0.0,13.7,24,Southern Hills Country Club,"Tulsa, OK",Tyrrell Hatton,70,7556,,68,280,75.1,75.05,72.44,71.36
2022 PGA Championship,2022-05-19,1,217.0,79.6,0.0,14.2,179,Southern Hills Country Club,"Tulsa, OK",Cameron Smith,70,7556,,68,280,75.1,75.05,72.44,71.36
2022 PGA Championship,2022-05-20,2,217.0,81.1,0.031,22.1,192,Southern Hills Country Club,"Tulsa, OK",Cameron Smith,70,7556,,70,280,75.1,75.05,72.44,71.36
2022 PGA Championship,2022-05-21,3,217.0,63.8,0.689,16.5,15,Southern Hills Country Club,"Tulsa, OK",Cameron Smith,70,7556,,73,280,75.1,75.05,72.44,71.36
2022 PGA Championship,2022-05-22,4,217.0,59.4,0.0,13.7,24,Southern Hills Country Club,"Tulsa, OK",Cameron Smith,70,7556,,69,280,75.1,75.05,72.44,71.36
2022 PGA Championship,2022-05-19,1,217.0,79.6,0.0,14.2,179,Southern Hills Country Club,"Tulsa, OK",Xander Schauffele,70,7556,,68,280,75.1,75.05,72.44,71.36
2022 PGA Championship,2022-05-20,2,217.0,81.1,0.031,22.1,192,Southern Hills Country Club,"Tulsa, OK",Xander Schauffele,70,7556,,73,280,75.1,75.05,72.44,71.36
2022 PGA Championship,2022-05-21,3,217.0,63.8,0.689,16.5,15,Southern Hills Country Club,"Tulsa, OK",Xander Schauffele,70,7556,,69,280,75.1,75.05,72.44,71.36
2022 PGA Championship,2022-05-22,4,217.0,59.4,0.0,13.7,24,Southern Hills Country Club,"Tulsa, OK",Xander Schauffele,70,7556,,70,280,75.1,75.05,72.44,71.36
2022 PGA Championship,2022-05-19,1,217.0,79.6,0.0,14.2,179,Southern Hills Country Club,"Tulsa, OK",Lucas Herbert,70,7556,,68,280,75.1,75.05,72.44,71.36
2022 PGA Championship,2022-05-20,2,217.0,81.1,0.031,22.1,192,Southern Hills Country Club,"Tulsa, OK",Lucas Herbert,70,7556,,73,280,75.1,75.05,72.44,71.36
2022 PGA Championship,2022-05-21,3,217.0,63.8,0.689,16.5,15,Southern Hills Country Club,"Tulsa, OK",Lucas Herbert,70,7556,,68,280,75.1,75.05,72.44,71.36
2022 PGA Championship,2022-05-22,4,217.0,59.4,0.0,13.7,24,Southern Hills Country Club,"Tulsa, OK",Lucas Herbert,70,7556,,71,280,75.1,75.05,72.44,71.36
2022 PGA Championship,2022-05-19,1,217.0,79.6,0.0,14.2,179,Southern Hills Country Club,"Tulsa, OK",Max Homa,70,7556,,70,280,75.1,75.05,72.44,71.36
2022 PGA Championship,2022-05-20,2,217.0,81.1,0.031,22.1,192,Southern Hills Country Club,"Tulsa, OK",Max Homa,70,7556,,69,280,75.1,75.05,72.44,71.36
2022 PGA Championship,2022-05-21,3,217.0,63.8,0.689,16.5,15,Southern Hills Country Club,"Tulsa, OK",Max Homa,70,7556,,70,280,75.1,75.05,72.44,71.36
2022 PGA Championship,2022-05-22,4,217.0,59.4,0.0,13.7,24,Southern Hills Country Club,"Tulsa, OK",Max Homa,70,7556,,71,280,75.1,75.05,72.44,71.36
2022 PGA Championship,2022-05-19,1,217.0,79.6,0.0,14.2,179,Southern Hills Country Club,"Tulsa, OK",Davis Riley,70,7556,,68,280,75.1,75.05,72.44,71.36
2022 PGA Championship,2022-05-20,2,217.0,81.1,0.031,22.1,192,Southern Hills Country Club,"Tulsa, OK",Davis Riley,70,7556,,68,280,75.1,75.05,72.44,71.36
2022 PGA Championship,2022-05-21,3,217.0,63.8,0.689,16.5,15,Southern Hills Country Club,"Tulsa, OK",Davis Riley,70,7556,,73,280,75.1,75.05,72.44,71.36
2022 PGA Championship,2022-05-22,4,217.0,59.4,0.0,13.7,24,Southern Hills Country Club,"Tulsa, OK",Davis Riley,70,7556,,71,280,75.1,75.05,72.44,71.36
2022 PGA Championship,2022-05-19,1,217.0,79.6,0.0,14.2,179,Southern Hills Country Club,"Tulsa, OK",Talor Gooch,70,7556,,69,281,75.1,75.05,72.44,71.36
2022 PGA Championship,2022-05-20,2,217.0,81.1,0.031,22.1,192,Southern Hills Country Club,"Tulsa, OK",Talor Gooch,70,7556,,70,281,75.1,75.05,72.44,71.36
2022 PGA Championship,2022-05-21,3,217.0,63.8,0.689,16.5,15,Southern Hills Country Club,"Tulsa, OK",Talor Gooch,70,7556,,74,281,75.1,75.05,72.44,71.36
2022 PGA Championship,2022-05-22,4,217.0,59.4,0.0,13.7,24,Southern Hills Country Club,"Tulsa, OK",Talor Gooch,70,7556,,68,281,75.1,75.05,72.44,71.36
2022 PGA Championship,2022-05-19,1,217.0,79.6,0.0,14.2,179,Southern Hills Country Club,"Tulsa, OK",Webb Simpson,70,7556,,69,281,75.1,75.05,72.44,71.36
2022 PGA Championship,2022-05-20,2,217.0,81.1,0.031,22.1,192,Southern Hills Country Club,"Tulsa, OK",Webb Simpson,70,7556,,75,281,75.1,75.05,72.44,71.36
2022 PGA Championship,2022-05-21,3,217.0,63.8,0.689,16.5,15,Southern Hills Country Club,"Tulsa, OK",Webb Simpson,70,7556,,65,281,75.1,75.05,72.44,71.36
2022 PGA Championship,2022-05-22,4,217.0,59.4,0.0,13.7,24,Southern Hills Country Club,"Tulsa, OK",Webb Simpson,70,7556,,72,281,75.1,75.05,72.44,71.36
2022 PGA Championship,2022-05-19,1,217.0,79.6,0.0,14.2,179,Southern Hills Country Club,"Tulsa, OK",Sam Burns,70,7556,,71,281,75.1,75.05,72.44,71.36
2022 PGA Championship,2022-05-20,2,217.0,81.1,0.031,22.1,192,Southern Hills Country Club,"Tulsa, OK",Sam Burns,70,7556,,67,281,75.1,75.05,72.44,71.36
2022 PGA Championship,2022-05-21,3,217.0,63.8,0.689,16.5,15,Southern Hills Country Club,"Tulsa, OK",Sam Burns,70,7556,,71,281,75.1,75.05,72.44,71.36
2022 PGA Championship,2022-05-22,4,217.0,59.4,0.0,13.7,24,Southern Hills Country Club,"Tulsa, OK",Sam Burns,70,7556,,72,281,75.1,75.05,72.44,71.36
2022 PGA Championship,2022-05-19,1,217.0,79.6,0.0,14.2,179,Southern Hills Country Club,"Tulsa, OK",Shane Lowry,70,7556,,70,282,75.1,75.05,72.44,71.36
2022 PGA Championship,2022-05-20,2,217.0,81.1,0.031,22.1,192,Southern Hills Country Club,"Tulsa, OK",Shane Lowry,70,7556,,72,282,75.1,75.05,72.44,71.36
2022 PGA Championship,2022-05-21,3,217.0,63.8,0.689,16.5,15,Southern Hills Country Club,"Tulsa, OK",Shane Lowry,70,7556,,71,282,75.1,75.05,72.44,71.36
2022 PGA Championship,2022-05-22,4,217.0,59.4,0.0,13.7,24,Southern Hills Country Club,"Tulsa, OK",Shane Lowry,70,7556,,69,282,75.1,75.05,72.44,71.36
2022 PGA Championship,2022-05-19,1,217.0,79.6,0.0,14.2,179,Southern Hills Country Club,"Tulsa, OK",Lucas Glover,70,7556,,75,282,75.1,75.05,72.44,71.36
2022 PGA Championship,2022-05-20,2,217.0,81.1,0.031,22.1,192,Southern Hills Country Club,"Tulsa, OK",Lucas Glover,70,7556,,69,282,75.1,75.05,72.44,71.36
2022 PGA Championship,2022-05-21,3,217.0,63.8,0.689,16.5,15,Southern Hills Country Club,"Tulsa, OK",Lucas Glover,70,7556,,68,282,75.1,75.05,72.44,71.36
2022 PGA Championship,2022-05-22,4,217.0,59.4,0.0,13.7,24,Southern Hills Country Club,"Tulsa, OK",Lucas Glover,70,7556,,70,282,75.1,75.05,72.44,71.36
2022 PGA Championship,2022-05-19,1,217.0,79.6,0.0,14.2,179,Southern Hills Country Club,"Tulsa, OK",Rickie Fowler,70,7556,,71,282,75.1,75.05,72.44,71.36
2022 PGA Championship,2022-05-20,2,217.0,81.1,0.031,22.1,192,Southern Hills Country Club,"Tulsa, OK",Rickie Fowler,70,7556,,70,282,75.1,75.05,72.44,71.36
2022 PGA Championship,2022-05-21,3,217.0,63.8,0.689,16.5,15,Southern Hills Country Club,"Tulsa, OK",Rickie Fowler,70,7556,,71,282,75.1,75.05,72.44,71.36
2022 PGA Championship,2022-05-22,4,217.0,59.4,0.0,13.7,24,Southern Hills Country Club,"Tulsa, OK",Rickie Fowler,70,7556,,70,282,75.1,75.05,72.44,71.36
2022 PGA Championship,2022-05-19,1,217.0,79.6,0.0,14.2,179,Southern Hills Country Club,"Tulsa, OK",Aaron Wise,70,7556,,69,282,75.1,75.05,72.44,71.36
2022 PGA Championship,2022-05-20,2,217.0,81.1,0.031,22.1,192,Southern Hills Country Club,"Tulsa, OK",Aaron Wise,70,7556,,72,282,75.1,75.05,72.44,71.36
2022 PGA Championship,2022-05-21,3,217.0,63.8,0.689,16.5,15,Southern Hills Country Club,"Tulsa, OK",Aaron Wise,70,7556,,71,282,75.1,75.05,72.44,71.36
2022 PGA Championship,2022-05-22,4,217.0,59.4,0.0,13.7,24,Southern Hills Country Club,"Tulsa, OK",Aaron Wise,70,7556,,70,282,75.1,75.05,72.44,71.36
2022 PGA Championship,2022-05-19,1,217.0,79.6,0.0,14.2,179,Southern Hills Country Club,"Tulsa, OK",Joaquín Niemann,70,7556,,68,282,75.1,75.05,72.44,71.36
2022 PGA Championship,2022-05-20,2,217.0,81.1,0.031,22.1,192,Southern Hills Country Club,"Tulsa, OK",Joaquín Niemann,70,7556,,71,282,75.1,75.05,72.44,71.36
2022 PGA Championship,2022-05-21,3,217.0,63.8,0.689,16.5,15,Southern Hills Country Club,"Tulsa, OK",Joaquín Niemann,70,7556,,72,282,75.1,75.05,72.44,71.36
2022 PGA Championship,2022-05-22,4,217.0,59.4,0.0,13.7,24,Southern Hills Country Club,"Tulsa, OK",Joaquín Niemann,70,7556,,71,282,75.1,75.05,72.44,71.36
2022 PGA Championship,2022-05-19,1,217.0,79.6,0.0,14.2,179,Southern Hills Country Club,"Tulsa, OK",Kevin Na,70,7556,,68,282,75.1,75.05,72.44,71.36
2022 PGA Championship,2022-05-20,2,217.0,81.1,0.031,22.1,192,Southern Hills Country Club,"Tulsa, OK",Kevin Na,70,7556,,71,282,75.1,75.05,72.44,71.36
2022 PGA Championship,2022-05-21,3,217.0,63.8,0.689,16.5,15,Southern Hills Country Club,"Tulsa, OK",Kevin Na,70,7556,,72,282,75.1,75.05,72.44,71.36
2022 PGA Championship,2022-05-22,4,217.0,59.4,0.0,13.7,24,Southern Hills Country Club,"Tulsa, OK",Kevin Na,70,7556,,71,282,75.1,75.05,72.44,71.36
2022 PGA Championship,2022-05-19,1,217.0,79.6,0.0,14.2,179,Southern Hills Country Club,"Tulsa, OK",Stewart Cink,70,7556,,69,282,75.1,75.05,72.44,71.36
2022 PGA Championship,2022-05-20,2,217.0,81.1,0.031,22.1,192,Southern Hills Country Club,"Tulsa, OK",Stewart Cink,70,7556,,68,282,75.1,75.05,72.44,71.36
2022 PGA Championship,2022-05-21,3,217.0,63.8,0.689,16.5,15,Southern Hills Country Club,"Tulsa, OK",Stewart Cink,70,7556,,71,282,75.1,75.05,72.44,71.36
2022 PGA Championship,2022-05-22,4,217.0,59.4,0.0,13.7,24,Southern Hills Country Club,"Tulsa, OK",Stewart Cink,70,7556,,74,282,75.1,75.05,72.44,71.36
2022 PGA Championship,2022-05-19,1,217.0,79.6,0.0,14.2,179,Southern Hills Country Club,"Tulsa, OK",Tony Finau,70,7556,,69,283,75.1,75.05,72.44,71.36
2022 PGA Championship,2022-05-20,2,217.0,81.1,0.031,22.1,192,Southern Hills Country Club,"Tulsa, OK",Tony Finau,70,7556,,72,283,75.1,75.05,72.44,71.36
2022 PGA Championship,2022-05-21,3,217.0,63.8,0.689,16.5,15,Southern Hills Country Club,"Tulsa, OK",Tony Finau,70,7556,,74,283,75.1,75.05,72.44,71.36
2022 PGA Championship,2022-05-22,4,217.0,59.4,0.0,13.7,24,Southern Hills Country Club,"Tulsa, OK",Tony Finau,70,7556,,68,283,75.1,75.05,72.44,71.36
2022 PGA Championship,2022-05-19,1,217.0,79.6,0.0,14.2,179,Southern Hills Country Club,"Tulsa, OK",Bernd Wiesberger,70,7556,,72,283,75.1,75.05,72.44,71.36
2022 PGA Championship,2022-05-20,2,217.0,81.1,0.031,22.1,192,Southern Hills Country Club,"Tulsa, OK",Bernd Wiesberger,70,7556,,67,283,75.1,75.05,72.44,71.36
2022 PGA Championship,2022-05-21,3,217.0,63.8,0.689,16.5,15,Southern Hills Country Club,"Tulsa, OK",Bernd Wiesberger,70,7556,,74,283,75.1,75.05,72.44,71.36
2022 PGA Championship,2022-05-22,4,217.0,59.4,0.0,13.7,24,Southern Hills Country Club,"Tulsa, OK",Bernd Wiesberger,70,7556,,70,283,75.1,75.05,72.44,71.36
2022 PGA Championship,2022-05-19,1,217.0,79.6,0.0,14.2,179,Southern Hills Country Club,"Tulsa, OK",Adri Arnaus,70,7556,,72,283,75.1,75.05,72.44,71.36
2022 PGA Championship,2022-05-20,2,217.0,81.1,0.031,22.1,192,Southern Hills Country Club,"Tulsa, OK",Adri Arnaus,70,7556,,68,283,75.1,75.05,72.44,71.36
2022 PGA Championship,2022-05-21,3,217.0,63.8,0.689,16.5,15,Southern Hills Country Club,"Tulsa, OK",Adri Arnaus,70,7556,,70,283,75.1,75.05,72.44,71.36
2022 PGA Championship,2022-05-22,4,217.0,59.4,0.0,13.7,24,Southern Hills Country Club,"Tulsa, OK",Adri Arnaus,70,7556,,73,283,75.1,75.05,72.44,71.36
2022 PGA Championship,2022-05-19,1,217.0,79.6,0.0,14.2,179,Southern Hills Country Club,"Tulsa, OK",Bubba Watson,70,7556,,72,283,75.1,75.05,72.44,71.36
2022 PGA Championship,2022-05-20,2,217.0,81.1,0.031,22.1,192,Southern Hills Country Club,"Tulsa, OK",Bubba Watson,70,7556,,63,283,75.1,75.05,72.44,71.36
2022 PGA Championship,2022-05-21,3,217.0,63.8,0.689,16.5,15,Southern Hills Country Club,"Tulsa, OK",Bubba Watson,70,7556,,73,283,75.1,75.05,72.44,71.36
2022 PGA Championship,2022-05-22,4,217.0,59.4,0.0,13.7,24,Southern Hills Country Club,"Tulsa, OK",Bubba Watson,70,7556,,75,283,75.1,75.05,72.44,71.36
2022 PGA Championship,2022-05-19,1,217.0,79.6,0.0,14.2,179,Southern Hills Country Club,"Tulsa, OK",Keith Mitchell,70,7556,,72,284,75.1,75.05,72.44,71.36
2022 PGA Championship,2022-05-20,2,217.0,81.1,0.031,22.1,192,Southern Hills Country Club,"Tulsa, OK",Keith Mitchell,70,7556,,72,284,75.1,75.05,72.44,71.36
2022 PGA Championship,2022-05-21,3,217.0,63.8,0.689,16.5,15,Southern Hills Country Club,"Tulsa, OK",Keith Mitchell,70,7556,,72,284,75.1,75.05,72.44,71.36
2022 PGA Championship,2022-05-22,4,217.0,59.4,0.0,13.7,24,Southern Hills Country Club,"Tulsa, OK",Keith Mitchell,70,7556,,68,284,75.1,75.05,72.44,71.36
2022 PGA Championship,2022-05-19,1,217.0,79.6,0.0,14.2,179,Southern Hills Country Club,"Tulsa, OK",Marc Leishman,70,7556,,72,284,75.1,75.05,72.44,71.36
2022 PGA Championship,2022-05-20,2,217.0,81.1,0.031,22.1,192,Southern Hills Country Club,"Tulsa, OK",Marc Leishman,70,7556,,71,284,75.1,75.05,72.44,71.36
2022 PGA Championship,2022-05-21,3,217.0,63.8,0.689,16.5,15,Southern Hills Country Club,"Tulsa, OK",Marc Leishman,70,7556,,73,284,75.1,75.05,72.44,71.36
2022 PGA Championship,2022-05-22,4,217.0,59.4,0.0,13.7,24,Southern Hills Country Club,"Tulsa, OK",Marc Leishman,70,7556,,68,284,75.1,75.05,72.44,71.36
2022 PGA Championship,2022-05-19,1,217.0,79.6,0.0,14.2,179,Southern Hills Country Club,"Tulsa, OK",Brian Harman,70,7556,,74,284,75.1,75.05,72.44,71.36
2022 PGA Championship,2022-05-20,2,217.0,81.1,0.031,22.1,192,Southern Hills Country Club,"Tulsa, OK",Brian Harman,70,7556,,70,284,75.1,75.05,72.44,71.36
2022 PGA Championship,2022-05-21,3,217.0,63.8,0.689,16.5,15,Southern Hills Country Club,"Tulsa, OK",Brian Harman,70,7556,,71,284,75.1,75.05,72.44,71.36
2022 PGA Championship,2022-05-22,4,217.0,59.4,0.0,13.7,24,Southern Hills Country Club,"Tulsa, OK",Brian Harman,70,7556,,69,284,75.1,75.05,72.44,71.36
2022 PGA Championship,2022-05-19,1,217.0,79.6,0.0,14.2,179,Southern Hills Country Club,"Tulsa, OK",Jordan Spieth,70,7556,,72,284,75.1,75.05,72.44,71.36
2022 PGA Championship,2022-05-20,2,217.0,81.1,0.031,22.1,192,Southern Hills Country Club,"Tulsa, OK",Jordan Spieth,70,7556,,69,284,75.1,75.05,72.44,71.36
2022 PGA Championship,2022-05-21,3,217.0,63.8,0.689,16.5,15,Southern Hills Country Club,"Tulsa, OK",Jordan Spieth,70,7556,,74,284,75.1,75.05,72.44,71.36
2022 PGA Championship,2022-05-22,4,217.0,59.4,0.0,13.7,24,Southern Hills Country Club,"Tulsa, OK",Jordan Spieth,70,7556,,69,284,75.1,75.05,72.44,71.36
2022 PGA Championship,2022-05-19,1,217.0,79.6,0.0,14.2,179,Southern Hills Country Club,"Tulsa, OK",Patrick Reed,70,7556,,69,284,75.1,75.05,72.44,71.36
2022 PGA Championship,2022-05-20,2,217.0,81.1,0.031,22.1,192,Southern Hills Country Club,"Tulsa, OK",Patrick Reed,70,7556,,70,284,75.1,75.05,72.44,71.36
2022 PGA Championship,2022-05-21,3,217.0,63.8,0.689,16.5,15,Southern Hills Country Club,"Tulsa, OK",Patrick Reed,70,7556,,73,284,75.1,75.05,72.44,71.36
2022 PGA Championship,2022-05-22,4,217.0,59.4,0.0,13.7,24,Southern Hills Country Club,"Tulsa, OK",Patrick Reed,70,7556,,72,284,75.1,75.05,72.44,71.36
2022 PGA Championship,2022-05-19,1,217.0,79.6,0.0,14.2,179,Southern Hills Country Club,"Tulsa, OK",Matt Kuchar,70,7556,,67,284,75.1,75.05,72.44,71.36
2022 PGA Championship,2022-05-20,2,217.0,81.1,0.031,22.1,192,Southern Hills Country Club,"Tulsa, OK",Matt Kuchar,70,7556,,71,284,75.1,75.05,72.44,71.36
2022 PGA Championship,2022-05-21,3,217.0,63.8,0.689,16.5,15,Southern Hills Country Club,"Tulsa, OK",Matt Kuchar,70,7556,,73,284,75.1,75.05,72.44,71.36
2022 PGA Championship,2022-05-22,4,217.0,59.4,0.0,13.7,24,Southern Hills Country Club,"Tulsa, OK",Matt Kuchar,70,7556,,73,284,75.1,75.05,72.44,71.36
2022 PGA Championship,2022-05-19,1,217.0,79.6,0.0,14.2,179,Southern Hills Country Club,"Tulsa, OK",Gary Woodland,70,7556,,70,284,75.1,75.05,72.44,71.36
2022 PGA Championship,2022-05-20,2,217.0,81.1,0.031,22.1,192,Southern Hills Country Club,"Tulsa, OK",Gary Woodland,70,7556,,68,284,75.1,75.05,72.44,71.36
2022 PGA Championship,2022-05-21,3,217.0,63.8,0.689,16.5,15,Southern Hills Country Club,"Tulsa, OK",Gary Woodland,70,7556,,71,284,75.1,75.05,72.44,71.36
2022 PGA Championship,2022-05-22,4,217.0,59.4,0.0,13.7,24,Southern Hills Country Club,"Tulsa, OK",Gary Woodland,70,7556,,75,284,75.1,75.05,72.44,71.36
2022 PGA Championship,2022-05-19,1,217.0,79.6,0.0,14.2,179,Southern Hills Country Club,"Tulsa, OK",Kevin Streelman,70,7556,,71,285,75.1,75.05,72.44,71.36
2022 PGA Championship,2022-05-20,2,217.0,81.1,0.031,22.1,192,Southern Hills Country Club,"Tulsa, OK",Kevin Streelman,70,7556,,72,285,75.1,75.05,72.44,71.36
2022 PGA Championship,2022-05-21,3,217.0,63.8,0.689,16.5,15,Southern Hills Country Club,"Tulsa, OK",Kevin Streelman,70,7556,,75,285,75.1,75.05,72.44,71.36
2022 PGA Championship,2022-05-22,4,217.0,59.4,0.0,13.7,24,Southern Hills Country Club,"Tulsa, OK",Kevin Streelman,70,7556,,67,285,75.1,75.05,72.44,71.36
2022 PGA Championship,2022-05-19,1,217.0,79.6,0.0,14.2,179,Southern Hills Country Club,"Tulsa, OK",Luke List,70,7556,,74,285,75.1,75.05,72.44,71.36
2022 PGA Championship,2022-05-20,2,217.0,81.1,0.031,22.1,192,Southern Hills Country Club,"Tulsa, OK",Luke List,70,7556,,70,285,75.1,75.05,72.44,71.36
2022 PGA Championship,2022-05-21,3,217.0,63.8,0.689,16.5,15,Southern Hills Country Club,"Tulsa, OK",Luke List,70,7556,,71,285,75.1,75.05,72.44,71.36
2022 PGA Championship,2022-05-22,4,217.0,59.4,0.0,13.7,24,Southern Hills Country Club,"Tulsa, OK",Luke List,70,7556,,70,285,75.1,75.05,72.44,71.36
2022 PGA Championship,2022-05-19,1,217.0,79.6,0.0,14.2,179,Southern Hills Country Club,"Tulsa, OK",Troy Merritt,70,7556,,73,285,75.1,75.05,72.44,71.36
2022 PGA Championship,2022-05-20,2,217.0,81.1,0.031,22.1,192,Southern Hills Country Club,"Tulsa, OK",Troy Merritt,70,7556,,70,285,75.1,75.05,72.44,71.36
2022 PGA Championship,2022-05-21,3,217.0,63.8,0.689,16.5,15,Southern Hills Country Club,"Tulsa, OK",Troy Merritt,70,7556,,72,285,75.1,75.05,72.44,71.36
2022 PGA Championship,2022-05-22,4,217.0,59.4,0.0,13.7,24,Southern Hills Country Club,"Tulsa, OK",Troy Merritt,70,7556,,70,285,75.1,75.05,72.44,71.36
2022 PGA Championship,2022-05-19,1,217.0,79.6,0.0,14.2,179,Southern Hills Country Club,"Tulsa, OK",Adam Schenk,70,7556,,71,285,75.1,75.05,72.44,71.36
2022 PGA Championship,2022-05-20,2,217.0,81.1,0.031,22.1,192,Southern Hills Country Club,"Tulsa, OK",Adam Schenk,70,7556,,72,285,75.1,75.05,72.44,71.36
2022 PGA Championship,2022-05-21,3,217.0,63.8,0.689,16.5,15,Southern Hills Country Club,"Tulsa, OK",Adam Schenk,70,7556,,72,285,75.1,75.05,72.44,71.36
2022 PGA Championship,2022-05-22,4,217.0,59.4,0.0,13.7,24,Southern Hills Country Club,"Tulsa, OK",Adam Schenk,70,7556,,70,285,75.1,75.05,72.44,71.36
2022 PGA Championship,2022-05-19,1,217.0,79.6,0.0,14.2,179,Southern Hills Country Club,"Tulsa, OK",Viktor Hovland,70,7556,,70,285,75.1,75.05,72.44,71.36
2022 PGA Championship,2022-05-20,2,217.0,81.1,0.031,22.1,192,Southern Hills Country Club,"Tulsa, OK",Viktor Hovland,70,7556,,70,285,75.1,75.05,72.44,71.36
2022 PGA Championship,2022-05-21,3,217.0,63.8,0.689,16.5,15,Southern Hills Country Club,"Tulsa, OK",Viktor Hovland,70,7556,,75,285,75.1,75.05,72.44,71.36
2022 PGA Championship,2022-05-22,4,217.0,59.4,0.0,13.7,24,Southern Hills Country Club,"Tulsa, OK",Viktor Hovland,70,7556,,70,285,75.1,75.05,72.44,71.36
2022 PGA Championship,2022-05-19,1,217.0,79.6,0.0,14.2,179,Southern Hills Country Club,"Tulsa, OK",K.H. Lee,70,7556,,69,285,75.1,75.05,72.44,71.36
2022 PGA Championship,2022-05-20,2,217.0,81.1,0.031,22.1,192,Southern Hills Country Club,"Tulsa, OK",K.H. Lee,70,7556,,73,285,75.1,75.05,72.44,71.36
2022 PGA Championship,2022-05-21,3,217.0,63.8,0.689,16.5,15,Southern Hills Country Club,"Tulsa, OK",K.H. Lee,70,7556,,71,285,75.1,75.05,72.44,71.36
2022 PGA Championship,2022-05-22,4,217.0,59.4,0.0,13.7,24,Southern Hills Country Club,"Tulsa, OK",K.H. Lee,70,7556,,72,285,75.1,75.05,72.44,71.36
2022 PGA Championship,2022-05-19,1,217.0,79.6,0.0,14.2,179,Southern Hills Country Club,"Tulsa, OK",Cameron Tringale,70,7556,,72,285,75.1,75.05,72.44,71.36
2022 PGA Championship,2022-05-20,2,217.0,81.1,0.031,22.1,192,Southern Hills Country Club,"Tulsa, OK",Cameron Tringale,70,7556,,68,285,75.1,75.05,72.44,71.36
2022 PGA Championship,2022-05-21,3,217.0,63.8,0.689,16.5,15,Southern Hills Country Club,"Tulsa, OK",Cameron Tringale,70,7556,,72,285,75.1,75.05,72.44,71.36
2022 PGA Championship,2022-05-22,4,217.0,59.4,0.0,13.7,24,Southern Hills Country Club,"Tulsa, OK",Cameron Tringale,70,7556,,73,285,75.1,75.05,72.44,71.36
2022 PGA Championship,2022-05-19,1,217.0,79.6,0.0,14.2,179,Southern Hills Country Club,"Tulsa, OK",Jon Rahm,70,7556,,73,286,75.1,75.05,72.44,71.36
2022 PGA Championship,2022-05-20,2,217.0,81.1,0.031,22.1,192,Southern Hills Country Club,"Tulsa, OK",Jon Rahm,70,7556,,69,286,75.1,75.05,72.44,71.36
2022 PGA Championship,2022-05-21,3,217.0,63.8,0.689,16.5,15,Southern Hills Country Club,"Tulsa, OK",Jon Rahm,70,7556,,76,286,75.1,75.05,72.44,71.36
2022 PGA Championship,2022-05-22,4,217.0,59.4,0.0,13.7,24,Southern Hills Country Club,"Tulsa, OK",Jon Rahm,70,7556,,68,286,75.1,75.05,72.44,71.36
2022 PGA Championship,2022-05-19,1,217.0,79.6,0.0,14.2,179,Southern Hills Country Club,"Tulsa, OK",Cam Davis,70,7556,,72,286,75.1,75.05,72.44,71.36
2022 PGA Championship,2022-05-20,2,217.0,81.1,0.031,22.1,192,Southern Hills Country Club,"Tulsa, OK",Cam Davis,70,7556,,72,286,75.1,75.05,72.44,71.36
2022 PGA Championship,2022-05-21,3,217.0,63.8,0.689,16.5,15,Southern Hills Country Club,"Tulsa, OK",Cam Davis,70,7556,,72,286,75.1,75.05,72.44,71.36
2022 PGA Championship,2022-05-22,4,217.0,59.4,0.0,13.7,24,Southern Hills Country Club,"Tulsa, OK",Cam Davis,70,7556,,70,286,75.1,75.05,72.44,71.36
2022 PGA Championship,2022-05-19,1,217.0,79.6,0.0,14.2,179,Southern Hills Country Club,"Tulsa, OK",Keegan Bradley,70,7556,,72,286,75.1,75.05,72.44,71.36
2022 PGA Championship,2022-05-20,2,217.0,81.1,0.031,22.1,192,Southern Hills Country Club,"Tulsa, OK",Keegan Bradley,70,7556,,70,286,75.1,75.05,72.44,71.36
2022 PGA Championship,2022-05-21,3,217.0,63.8,0.689,16.5,15,Southern Hills Country Club,"Tulsa, OK",Keegan Bradley,70,7556,,73,286,75.1,75.05,72.44,71.36
2022 PGA Championship,2022-05-22,4,217.0,59.4,0.0,13.7,24,Southern Hills Country Club,"Tulsa, OK",Keegan Bradley,70,7556,,71,286,75.1,75.05,72.44,71.36
2022 PGA Championship,2022-05-19,1,217.0,79.6,0.0,14.2,179,Southern Hills Country Club,"Tulsa, OK",Denny McCarthy,70,7556,,73,286,75.1,75.05,72.44,71.36
2022 PGA Championship,2022-05-20,2,217.0,81.1,0.031,22.1,192,Southern Hills Country Club,"Tulsa, OK",Denny McCarthy,70,7556,,68,286,75.1,75.05,72.44,71.36
2022 PGA Championship,2022-05-21,3,217.0,63.8,0.689,16.5,15,Southern Hills Country Club,"Tulsa, OK",Denny McCarthy,70,7556,,74,286,75.1,75.05,72.44,71.36
2022 PGA Championship,2022-05-22,4,217.0,59.4,0.0,13.7,24,Southern Hills Country Club,"Tulsa, OK",Denny McCarthy,70,7556,,71,286,75.1,75.05,72.44,71.36
2022 PGA Championship,2022-05-19,1,217.0,79.6,0.0,14.2,179,Southern Hills Country Club,"Tulsa, OK",Harold Varner III,70,7556,,71,286,75.1,75.05,72.44,71.36
2022 PGA Championship,2022-05-20,2,217.0,81.1,0.031,22.1,192,Southern Hills Country Club,"Tulsa, OK",Harold Varner III,70,7556,,71,286,75.1,75.05,72.44,71.36
2022 PGA Championship,2022-05-21,3,217.0,63.8,0.689,16.5,15,Southern Hills Country Club,"Tulsa, OK",Harold Varner III,70,7556,,72,286,75.1,75.05,72.44,71.36
2022 PGA Championship,2022-05-22,4,217.0,59.4,0.0,13.7,24,Southern Hills Country Club,"Tulsa, OK",Harold Varner III,70,7556,,72,286,75.1,75.05,72.44,71.36
2022 PGA Championship,2022-05-19,1,217.0,79.6,0.0,14.2,179,Southern Hills Country Club,"Tulsa, OK",Laurie Canter,70,7556,,72,286,75.1,75.05,72.44,71.36
2022 PGA Championship,2022-05-20,2,217.0,81.1,0.031,22.1,192,Southern Hills Country Club,"Tulsa, OK",Laurie Canter,70,7556,,70,286,75.1,75.05,72.44,71.36
2022 PGA Championship,2022-05-21,3,217.0,63.8,0.689,16.5,15,Southern Hills Country Club,"Tulsa, OK",Laurie Canter,70,7556,,70,286,75.1,75.05,72.44,71.36
2022 PGA Championship,2022-05-22,4,217.0,59.4,0.0,13.7,24,Southern Hills Country Club,"Tulsa, OK",Laurie Canter,70,7556,,74,286,75.1,75.05,72.44,71.36
2022 PGA Championship,2022-05-19,1,217.0,79.6,0.0,14.2,179,Southern Hills Country Club,"Tulsa, OK",Ryan Fox,70,7556,,70,287,75.1,75.05,72.44,71.36
2022 PGA Championship,2022-05-20,2,217.0,81.1,0.031,22.1,192,Southern Hills Country Club,"Tulsa, OK",Ryan Fox,70,7556,,70,287,75.1,75.05,72.44,71.36
2022 PGA Championship,2022-05-21,3,217.0,63.8,0.689,16.5,15,Southern Hills Country Club,"Tulsa, OK",Ryan Fox,70,7556,,70,287,75.1,75.05,72.44,71.36
2022 PGA Championship,2022-05-22,4,217.0,59.4,0.0,13.7,24,Southern Hills Country Club,"Tulsa, OK",Ryan Fox,70,7556,,77,287,75.1,75.05,72.44,71.36
2022 PGA Championship,2022-05-19,1,217.0,79.6,0.0,14.2,179,Southern Hills Country Club,"Tulsa, OK",Collin Morikawa,70,7556,,72,288,75.1,75.05,72.44,71.36
2022 PGA Championship,2022-05-20,2,217.0,81.1,0.031,22.1,192,Southern Hills Country Club,"Tulsa, OK",Collin Morikawa,70,7556,,72,288,75.1,75.05,72.44,71.36
2022 PGA Championship,2022-05-21,3,217.0,63.8,0.689,16.5,15,Southern Hills Country Club,"Tulsa, OK",Collin Morikawa,70,7556,,74,288,75.1,75.05,72.44,71.36
2022 PGA Championship,2022-05-22,4,217.0,59.4,0.0,13.7,24,Southern Hills Country Club,"Tulsa, OK",Collin Morikawa,70,7556,,70,288,75.1,75.05,72.44,71.36
2022 PGA Championship,2022-05-19,1,217.0,79.6,0.0,14.2,179,Southern Hills Country Club,"Tulsa, OK",Francesco Molinari,70,7556,,70,288,75.1,75.05,72.44,71.36
2022 PGA Championship,2022-05-20,2,217.0,81.1,0.031,22.1,192,Southern Hills Country Club,"Tulsa, OK",Francesco Molinari,70,7556,,72,288,75.1,75.05,72.44,71.36
2022 PGA Championship,2022-05-21,3,217.0,63.8,0.689,16.5,15,Southern Hills Country Club,"Tulsa, OK",Francesco Molinari,70,7556,,75,288,75.1,75.05,72.44,71.36
2022 PGA Championship,2022-05-22,4,217.0,59.4,0.0,13.7,24,Southern Hills Country Club,"Tulsa, OK",Francesco Molinari,70,7556,,71,288,75.1,75.05,72.44,71.36
2022 PGA Championship,2022-05-19,1,217.0,79.6,0.0,14.2,179,Southern Hills Country Club,"Tulsa, OK",Jason Day,70,7556,,71,288,75.1,75.05,72.44,71.36
2022 PGA Championship,2022-05-20,2,217.0,81.1,0.031,22.1,192,Southern Hills Country Club,"Tulsa, OK",Jason Day,70,7556,,72,288,75.1,75.05,72.44,71.36
2022 PGA Championship,2022-05-21,3,217.0,63.8,0.689,16.5,15,Southern Hills Country Club,"Tulsa, OK",Jason Day,70,7556,,72,288,75.1,75.05,72.44,71.36
2022 PGA Championship,2022-05-22,4,217.0,59.4,0.0,13.7,24,Southern Hills Country Club,"Tulsa, OK",Jason Day,70,7556,,73,288,75.1,75.05,72.44,71.36
2022 PGA Championship,2022-05-19,1,217.0,79.6,0.0,14.2,179,Southern Hills Country Club,"Tulsa, OK",Brooks Koepka,70,7556,,75,288,75.1,75.05,72.44,71.36
2022 PGA Championship,2022-05-20,2,217.0,81.1,0.031,22.1,192,Southern Hills Country Club,"Tulsa, OK",Brooks Koepka,70,7556,,67,288,75.1,75.05,72.44,71.36
2022 PGA Championship,2022-05-21,3,217.0,63.8,0.689,16.5,15,Southern Hills Country Club,"Tulsa, OK",Brooks Koepka,70,7556,,72,288,75.1,75.05,72.44,71.36
2022 PGA Championship,2022-05-22,4,217.0,59.4,0.0,13.7,24,Southern Hills Country Club,"Tulsa, OK",Brooks Koepka,70,7556,,74,288,75.1,75.05,72.44,71.36
2022 PGA Championship,2022-05-19,1,217.0,79.6,0.0,14.2,179,Southern Hills Country Club,"Tulsa, OK",Sebastián Muñoz,70,7556,,74,288,75.1,75.05,72.44,71.36
2022 PGA Championship,2022-05-20,2,217.0,81.1,0.031,22.1,192,Southern Hills Country Club,"Tulsa, OK",Sebastián Muñoz,70,7556,,70,288,75.1,75.05,72.44,71.36
2022 PGA Championship,2022-05-21,3,217.0,63.8,0.689,16.5,15,Southern Hills Country Club,"Tulsa, OK",Sebastián Muñoz,70,7556,,69,288,75.1,75.05,72.44,71.36
2022 PGA Championship,2022-05-22,4,217.0,59.4,0.0,13.7,24,Southern Hills Country Club,"Tulsa, OK",Sebastián Muñoz,70,7556,,75,288,75.1,75.05,72.44,71.36
2022 PGA Championship,2022-05-19,1,217.0,79.6,0.0,14.2,179,Southern Hills Country Club,"Tulsa, OK",Si Woo Kim,70,7556,,71,289,75.1,75.05,72.44,71.36
2022 PGA Championship,2022-05-20,2,217.0,81.1,0.031,22.1,192,Southern Hills Country Club,"Tulsa, OK",Si Woo Kim,70,7556,,72,289,75.1,75.05,72.44,71.36
2022 PGA Championship,2022-05-21,3,217.0,63.8,0.689,16.5,15,Southern Hills Country Club,"Tulsa, OK",Si Woo Kim,70,7556,,76,289,75.1,75.05,72.44,71.36
2022 PGA Championship,2022-05-22,4,217.0,59.4,0.0,13.7,24,Southern Hills Country Club,"Tulsa, OK",Si Woo Kim,70,7556,,70,289,75.1,75.05,72.44,71.36
2022 PGA Championship,2022-05-19,1,217.0,79.6,0.0,14.2,179,Southern Hills Country Club,"Tulsa, OK",Jason Kokrak,70,7556,,74,289,75.1,75.05,72.44,71.36
2022 PGA Championship,2022-05-20,2,217.0,81.1,0.031,22.1,192,Southern Hills Country Club,"Tulsa, OK",Jason Kokrak,70,7556,,68,289,75.1,75.05,72.44,71.36
2022 PGA Championship,2022-05-21,3,217.0,63.8,0.689,16.5,15,Southern Hills Country Club,"Tulsa, OK",Jason Kokrak,70,7556,,77,289,75.1,75.05,72.44,71.36
2022 PGA Championship,2022-05-22,4,217.0,59.4,0.0,13.7,24,Southern Hills Country Club,"Tulsa, OK",Jason Kokrak,70,7556,,70,289,75.1,75.05,72.44,71.36
2022 PGA Championship,2022-05-19,1,217.0,79.6,0.0,14.2,179,Southern Hills Country Club,"Tulsa, OK",Louis Oosthuizen,70,7556,,73,289,75.1,75.05,72.44,71.36
2022 PGA Championship,2022-05-20,2,217.0,81.1,0.031,22.1,192,Southern Hills Country Club,"Tulsa, OK",Louis Oosthuizen,70,7556,,71,289,75.1,75.05,72.44,71.36
2022 PGA Championship,2022-05-21,3,217.0,63.8,0.689,16.5,15,Southern Hills Country Club,"Tulsa, OK",Louis Oosthuizen,70,7556,,73,289,75.1,75.05,72.44,71.36
2022 PGA Championship,2022-05-22,4,217.0,59.4,0.0,13.7,24,Southern Hills Country Club,"Tulsa, OK",Louis Oosthuizen,70,7556,,72,289,75.1,75.05,72.44,71.36
2022 PGA Championship,2022-05-19,1,217.0,79.6,0.0,14.2,179,Southern Hills Country Club,"Tulsa, OK",Charl Schwartzel,70,7556,,71,289,75.1,75.05,72.44,71.36
2022 PGA Championship,2022-05-20,2,217.0,81.1,0.031,22.1,192,Southern Hills Country Club,"Tulsa, OK",Charl Schwartzel,70,7556,,73,289,75.1,75.05,72.44,71.36
2022 PGA Championship,2022-05-21,3,217.0,63.8,0.689,16.5,15,Southern Hills Country Club,"Tulsa, OK",Charl Schwartzel,70,7556,,73,289,75.1,75.05,72.44,71.36
2022 PGA Championship,2022-05-22,4,217.0,59.4,0.0,13.7,24,Southern Hills Country Club,"Tulsa, OK",Charl Schwartzel,70,7556,,72,289,75.1,75.05,72.44,71.36
2022 PGA Championship,2022-05-19,1,217.0,79.6,0.0,14.2,179,Southern Hills Country Club,"Tulsa, OK",Hideki Matsuyama,70,7556,,72,289,75.1,75.05,72.44,71.36
2022 PGA Championship,2022-05-20,2,217.0,81.1,0.031,22.1,192,Southern Hills Country Club,"Tulsa, OK",Hideki Matsuyama,70,7556,,72,289,75.1,75.05,72.44,71.36
2022 PGA Championship,2022-05-21,3,217.0,63.8,0.689,16.5,15,Southern Hills Country Club,"Tulsa, OK",Hideki Matsuyama,70,7556,,72,289,75.1,75.05,72.44,71.36
2022 PGA Championship,2022-05-22,4,217.0,59.4,0.0,13.7,24,Southern Hills Country Club,"Tulsa, OK",Hideki Matsuyama,70,7556,,73,289,75.1,75.05,72.44,71.36
2022 PGA Championship,2022-05-19,1,217.0,79.6,0.0,14.2,179,Southern Hills Country Club,"Tulsa, OK",Lanto Griffin,70,7556,,72,289,75.1,75.05,72.44,71.36
2022 PGA Championship,2022-05-20,2,217.0,81.1,0.031,22.1,192,Southern Hills Country Club,"Tulsa, OK",Lanto Griffin,70,7556,,69,289,75.1,75.05,72.44,71.36
2022 PGA Championship,2022-05-21,3,217.0,63.8,0.689,16.5,15,Southern Hills Country Club,"Tulsa, OK",Lanto Griffin,70,7556,,75,289,75.1,75.05,72.44,71.36
2022 PGA Championship,2022-05-22,4,217.0,59.4,0.0,13.7,24,Southern Hills Country Club,"Tulsa, OK",Lanto Griffin,70,7556,,73,289,75.1,75.05,72.44,71.36
2022 PGA Championship,2022-05-19,1,217.0,79.6,0.0,14.2,179,Southern Hills Country Club,"Tulsa, OK",Rikuya Hoshino,70,7556,,74,289,75.1,75.05,72.44,71.36
2022 PGA Championship,2022-05-20,2,217.0,81.1,0.031,22.1,192,Southern Hills Country Club,"Tulsa, OK",Rikuya Hoshino,70,7556,,70,289,75.1,75.05,72.44,71.36
2022 PGA Championship,2022-05-21,3,217.0,63.8,0.689,16.5,15,Southern Hills Country Club,"Tulsa, OK",Rikuya Hoshino,70,7556,,69,289,75.1,75.05,72.44,71.36
2022 PGA Championship,2022-05-22,4,217.0,59.4,0.0,13.7,24,Southern Hills Country Club,"Tulsa, OK",Rikuya Hoshino,70,7556,,76,289,75.1,75.05,72.44,71.36
2022 PGA Championship,2022-05-19,1,217.0,79.6,0.0,14.2,179,Southern Hills Country Club,"Tulsa, OK",Russell Henley,70,7556,,70,289,75.1,75.05,72.44,71.36
2022 PGA Championship,2022-05-20,2,217.0,81.1,0.031,22.1,192,Southern Hills Country Club,"Tulsa, OK",Russell Henley,70,7556,,73,289,75.1,75.05,72.44,71.36
2022 PGA Championship,2022-05-21,3,217.0,63.8,0.689,16.5,15,Southern Hills Country Club,"Tulsa, OK",Russell Henley,70,7556,,70,289,75.1,75.05,72.44,71.36
2022 PGA Championship,2022-05-22,4,217.0,59.4,0.0,13.7,24,Southern Hills Country Club,"Tulsa, OK",Russell Henley,70,7556,,76,289,75.1,75.05,72.44,71.36
2022 PGA Championship,2022-05-19,1,217.0,79.6,0.0,14.2,179,Southern Hills Country Club,"Tulsa, OK",Billy Horschel,70,7556,,75,290,75.1,75.05,72.44,71.36
2022 PGA Championship,2022-05-20,2,217.0,81.1,0.031,22.1,192,Southern Hills Country Club,"Tulsa, OK",Billy Horschel,70,7556,,69,290,75.1,75.05,72.44,71.36
2022 PGA Championship,2022-05-21,3,217.0,63.8,0.689,16.5,15,Southern Hills Country Club,"Tulsa, OK",Billy Horschel,70,7556,,77,290,75.1,75.05,72.44,71.36
2022 PGA Championship,2022-05-22,4,217.0,59.4,0.0,13.7,24,Southern Hills Country Club,"Tulsa, OK",Billy Horschel,70,7556,,69,290,75.1,75.05,72.44,71.36
2022 PGA Championship,2022-05-19,1,217.0,79.6,0.0,14.2,179,Southern Hills Country Club,"Tulsa, OK",Beau Hossler,70,7556,,69,291,75.1,75.05,72.44,71.36
2022 PGA Championship,2022-05-20,2,217.0,81.1,0.031,22.1,192,Southern Hills Country Club,"Tulsa, OK",Beau Hossler,70,7556,,71,291,75.1,75.05,72.44,71.36
2022 PGA Championship,2022-05-21,3,217.0,63.8,0.689,16.5,15,Southern Hills Country Club,"Tulsa, OK",Beau Hossler,70,7556,,78,291,75.1,75.05,72.44,71.36
2022 PGA Championship,2022-05-22,4,217.0,59.4,0.0,13.7,24,Southern Hills Country Club,"Tulsa, OK",Beau Hossler,70,7556,,73,291,75.1,75.05,72.44,71.36
2022 PGA Championship,2022-05-19,1,217.0,79.6,0.0,14.2,179,Southern Hills Country Club,"Tulsa, OK",Kramer Hickok,70,7556,,71,291,75.1,75.05,72.44,71.36
2022 PGA Championship,2022-05-20,2,217.0,81.1,0.031,22.1,192,Southern Hills Country Club,"Tulsa, OK",Kramer Hickok,70,7556,,71,291,75.1,75.05,72.44,71.36
2022 PGA Championship,2022-05-21,3,217.0,63.8,0.689,16.5,15,Southern Hills Country Club,"Tulsa, OK",Kramer Hickok,70,7556,,75,291,75.1,75.05,72.44,71.36
2022 PGA Championship,2022-05-22,4,217.0,59.4,0.0,13.7,24,Southern Hills Country Club,"Tulsa, OK",Kramer Hickok,70,7556,,74,291,75.1,75.05,72.44,71.36
2022 PGA Championship,2022-05-19,1,217.0,79.6,0.0,14.2,179,Southern Hills Country Club,"Tulsa, OK",Adam Hadwin,70,7556,,73,292,75.1,75.05,72.44,71.36
2022 PGA Championship,2022-05-20,2,217.0,81.1,0.031,22.1,192,Southern Hills Country Club,"Tulsa, OK",Adam Hadwin,70,7556,,71,292,75.1,75.05,72.44,71.36
2022 PGA Championship,2022-05-21,3,217.0,63.8,0.689,16.5,15,Southern Hills Country Club,"Tulsa, OK",Adam Hadwin,70,7556,,75,292,75.1,75.05,72.44,71.36
2022 PGA Championship,2022-05-22,4,217.0,59.4,0.0,13.7,24,Southern Hills Country Club,"Tulsa, OK",Adam Hadwin,70,7556,,73,292,75.1,75.05,72.44,71.36
2022 PGA Championship,2022-05-19,1,217.0,79.6,0.0,14.2,179,Southern Hills Country Club,"Tulsa, OK",Thomas Pieters,70,7556,,69,292,75.1,75.05,72.44,71.36
2022 PGA Championship,2022-05-20,2,217.0,81.1,0.031,22.1,192,Southern Hills Country Club,"Tulsa, OK",Thomas Pieters,70,7556,,73,292,75.1,75.05,72.44,71.36
2022 PGA Championship,2022-05-21,3,217.0,63.8,0.689,16.5,15,Southern Hills Country Club,"Tulsa, OK",Thomas Pieters,70,7556,,77,292,75.1,75.05,72.44,71.36
2022 PGA Championship,2022-05-22,4,217.0,59.4,0.0,13.7,24,Southern Hills Country Club,"Tulsa, OK",Thomas Pieters,70,7556,,73,292,75.1,75.05,72.44,71.36
2022 PGA Championship,2022-05-19,1,217.0,79.6,0.0,14.2,179,Southern Hills Country Club,"Tulsa, OK",Justin Harding,70,7556,,71,292,75.1,75.05,72.44,71.36
2022 PGA Championship,2022-05-20,2,217.0,81.1,0.031,22.1,192,Southern Hills Country Club,"Tulsa, OK",Justin Harding,70,7556,,72,292,75.1,75.05,72.44,71.36
2022 PGA Championship,2022-05-21,3,217.0,63.8,0.689,16.5,15,Southern Hills Country Club,"Tulsa, OK",Justin Harding,70,7556,,75,292,75.1,75.05,72.44,71.36
2022 PGA Championship,2022-05-22,4,217.0,59.4,0.0,13.7,24,Southern Hills Country Club,"Tulsa, OK",Justin Harding,70,7556,,74,292,75.1,75.05,72.44,71.36
2022 PGA Championship,2022-05-19,1,217.0,79.6,0.0,14.2,179,Southern Hills Country Club,"Tulsa, OK",Shaun Norris,70,7556,,71,292,75.1,75.05,72.44,71.36
2022 PGA Championship,2022-05-20,2,217.0,81.1,0.031,22.1,192,Southern Hills Country Club,"Tulsa, OK",Shaun Norris,70,7556,,72,292,75.1,75.05,72.44,71.36
2022 PGA Championship,2022-05-21,3,217.0,63.8,0.689,16.5,15,Southern Hills Country Club,"Tulsa, OK",Shaun Norris,70,7556,,74,292,75.1,75.05,72.44,71.36
2022 PGA Championship,2022-05-22,4,217.0,59.4,0.0,13.7,24,Southern Hills Country Club,"Tulsa, OK",Shaun Norris,70,7556,,75,292,75.1,75.05,72.44,71.36
2022 PGA Championship,2022-05-19,1,217.0,79.6,0.0,14.2,179,Southern Hills Country Club,"Tulsa, OK",Maverick McNealy,70,7556,,73,295,75.1,75.05,72.44,71.36
2022 PGA Championship,2022-05-20,2,217.0,81.1,0.031,22.1,192,Southern Hills Country Club,"Tulsa, OK",Maverick McNealy,70,7556,,71,295,75.1,75.05,72.44,71.36
2022 PGA Championship,2022-05-21,3,217.0,63.8,0.689,16.5,15,Southern Hills Country Club,"Tulsa, OK",Maverick McNealy,70,7556,,78,295,75.1,75.05,72.44,71.36
2022 PGA Championship,2022-05-22,4,217.0,59.4,0.0,13.7,24,Southern Hills Country Club,"Tulsa, OK",Maverick McNealy,70,7556,,73,295,75.1,75.05,72.44,71.36
2022 PGA Championship,2022-05-19,1,217.0,79.6,0.0,14.2,179,Southern Hills Country Club,"Tulsa, OK",Patton Kizzire,70,7556,,69,295,75.1,75.05,72.44,71.36
2022 PGA Championship,2022-05-20,2,217.0,81.1,0.031,22.1,192,Southern Hills Country Club,"Tulsa, OK",Patton Kizzire,70,7556,,75,295,75.1,75.05,72.44,71.36
2022 PGA Championship,2022-05-21,3,217.0,63.8,0.689,16.5,15,Southern Hills Country Club,"Tulsa, OK",Patton Kizzire,70,7556,,78,295,75.1,75.05,72.44,71.36
2022 PGA Championship,2022-05-22,4,217.0,59.4,0.0,13.7,24,Southern Hills Country Club,"Tulsa, OK",Patton Kizzire,70,7556,,73,295,75.1,75.05,72.44,71.36
2022 PGA Championship,2022-05-19,1,217.0,79.6,0.0,14.2,179,Southern Hills Country Club,"Tulsa, OK",Robert MacIntyre,70,7556,,70,297,75.1,75.05,72.44,71.36
2022 PGA Championship,2022-05-20,2,217.0,81.1,0.031,22.1,192,Southern Hills Country Club,"Tulsa, OK",Robert MacIntyre,70,7556,,71,297,75.1,75.05,72.44,71.36
2022 PGA Championship,2022-05-21,3,217.0,63.8,0.689,16.5,15,Southern Hills Country Club,"Tulsa, OK",Robert MacIntyre,70,7556,,80,297,75.1,75.05,72.44,71.36
2022 PGA Championship,2022-05-22,4,217.0,59.4,0.0,13.7,24,Southern Hills Country Club,"Tulsa, OK",Robert MacIntyre,70,7556,,76,297,75.1,75.05,72.44,71.36
2022 PGA Championship,2022-05-19,1,217.0,79.6,0.0,14.2,179,Southern Hills Country Club,"Tulsa, OK",Sepp Straka,70,7556,,71,298,75.1,75.05,72.44,71.36
2022 PGA Championship,2022-05-20,2,217.0,81.1,0.031,22.1,192,Southern Hills Country Club,"Tulsa, OK",Sepp Straka,70,7556,,72,298,75.1,75.05,72.44,71.36
2022 PGA Championship,2022-05-21,3,217.0,63.8,0.689,16.5,15,Southern Hills Country Club,"Tulsa, OK",Sepp Straka,70,7556,,79,298,75.1,75.05,72.44,71.36
2022 PGA Championship,2022-05-22,4,217.0,59.4,0.0,13.7,24,Southern Hills Country Club,"Tulsa, OK",Sepp Straka,70,7556,,76,298,75.1,75.05,72.44,71.36
2022 PGA Championship,2022-05-19,1,217.0,79.6,0.0,14.2,179,Southern Hills Country Club,"Tulsa, OK",Ian Poulter,70,7556,,76,145,75.1,75.05,72.44,71.36
2022 PGA Championship,2022-05-20,2,217.0,81.1,0.031,22.1,192,Southern Hills Country Club,"Tulsa, OK",Ian Poulter,70,7556,,69,145,75.1,75.05,72.44,71.36
2022 PGA Championship,2022-05-19,1,217.0,79.6,0.0,14.2,179,Southern Hills Country Club,"Tulsa, OK",Harry Higgs,70,7556,,74,145,75.1,75.05,72.44,71.36
2022 PGA Championship,2022-05-20,2,217.0,81.1,0.031,22.1,192,Southern Hills Country Club,"Tulsa, OK",Harry Higgs,70,7556,,71,145,75.1,75.05,72.44,71.36
2022 PGA Championship,2022-05-19,1,217.0,79.6,0.0,14.2,179,Southern Hills Country Club,"Tulsa, OK",Min Woo Lee,70,7556,,73,145,75.1,75.05,72.44,71.36
2022 PGA Championship,2022-05-20,2,217.0,81.1,0.031,22.1,192,Southern Hills Country Club,"Tulsa, OK",Min Woo Lee,70,7556,,72,145,75.1,75.05,72.44,71.36
2022 PGA Championship,2022-05-19,1,217.0,79.6,0.0,14.2,179,Southern Hills Country Club,"Tulsa, OK",Branden Grace,70,7556,,73,145,75.1,75.05,72.44,71.36
2022 PGA Championship,2022-05-20,2,217.0,81.1,0.031,22.1,192,Southern Hills Country Club,"Tulsa, OK",Branden Grace,70,7556,,72,145,75.1,75.05,72.44,71.36
2022 PGA Championship,2022-05-19,1,217.0,79.6,0.0,14.2,179,Southern Hills Country Club,"Tulsa, OK",Ryan Palmer,70,7556,,73,145,75.1,75.05,72.44,71.36
2022 PGA Championship,2022-05-20,2,217.0,81.1,0.031,22.1,192,Southern Hills Country Club,"Tulsa, OK",Ryan Palmer,70,7556,,72,145,75.1,75.05,72.44,71.36
2022 PGA Championship,2022-05-19,1,217.0,79.6,0.0,14.2,179,Southern Hills Country Club,"Tulsa, OK",Henrik Stenson,70,7556,,72,145,75.1,75.05,72.44,71.36
2022 PGA Championship,2022-05-20,2,217.0,81.1,0.031,22.1,192,Southern Hills Country Club,"Tulsa, OK",Henrik Stenson,70,7556,,73,145,75.1,75.05,72.44,71.36
2022 PGA Championship,2022-05-19,1,217.0,79.6,0.0,14.2,179,Southern Hills Country Club,"Tulsa, OK",J.J. Spaun,70,7556,,72,145,75.1,75.05,72.44,71.36
2022 PGA Championship,2022-05-20,2,217.0,81.1,0.031,22.1,192,Southern Hills Country Club,"Tulsa, OK",J.J. Spaun,70,7556,,73,145,75.1,75.05,72.44,71.36
2022 PGA Championship,2022-05-19,1,217.0,79.6,0.0,14.2,179,Southern Hills Country Club,"Tulsa, OK",Kevin Kisner,70,7556,,72,145,75.1,75.05,72.44,71.36
2022 PGA Championship,2022-05-20,2,217.0,81.1,0.031,22.1,192,Southern Hills Country Club,"Tulsa, OK",Kevin Kisner,70,7556,,73,145,75.1,75.05,72.44,71.36
2022 PGA Championship,2022-05-19,1,217.0,79.6,0.0,14.2,179,Southern Hills Country Club,"Tulsa, OK",Chan Kim,70,7556,,72,145,75.1,75.05,72.44,71.36
2022 PGA Championship,2022-05-20,2,217.0,81.1,0.031,22.1,192,Southern Hills Country Club,"Tulsa, OK",Chan Kim,70,7556,,73,145,75.1,75.05,72.44,71.36
2022 PGA Championship,2022-05-19,1,217.0,79.6,0.0,14.2,179,Southern Hills Country Club,"Tulsa, OK",Lee Westwood,70,7556,,75,146,75.1,75.05,72.44,71.36
2022 PGA Championship,2022-05-20,2,217.0,81.1,0.031,22.1,192,Southern Hills Country Club,"Tulsa, OK",Lee Westwood,70,7556,,71,146,75.1,75.05,72.44,71.36
2022 PGA Championship,2022-05-19,1,217.0,79.6,0.0,14.2,179,Southern Hills Country Club,"Tulsa, OK",Russell Knox,70,7556,,74,146,75.1,75.05,72.44,71.36
2022 PGA Championship,2022-05-20,2,217.0,81.1,0.031,22.1,192,Southern Hills Country Club,"Tulsa, OK",Russell Knox,70,7556,,72,146,75.1,75.05,72.44,71.36
2022 PGA Championship,2022-05-19,1,217.0,79.6,0.0,14.2,179,Southern Hills Country Club,"Tulsa, OK",Anirban Lahiri,70,7556,,73,146,75.1,75.05,72.44,71.36
2022 PGA Championship,2022-05-20,2,217.0,81.1,0.031,22.1,192,Southern Hills Country Club,"Tulsa, OK",Anirban Lahiri,70,7556,,73,146,75.1,75.05,72.44,71.36
2022 PGA Championship,2022-05-19,1,217.0,79.6,0.0,14.2,179,Southern Hills Country Club,"Tulsa, OK",Christiaan Bezuidenhout,70,7556,,73,146,75.1,75.05,72.44,71.36
2022 PGA Championship,2022-05-20,2,217.0,81.1,0.031,22.1,192,Southern Hills Country Club,"Tulsa, OK",Christiaan Bezuidenhout,70,7556,,73,146,75.1,75.05,72.44,71.36
2022 PGA Championship,2022-05-19,1,217.0,79.6,0.0,14.2,179,Southern Hills Country Club,"Tulsa, OK",Dustin Johnson,70,7556,,73,146,75.1,75.05,72.44,71.36
2022 PGA Championship,2022-05-20,2,217.0,81.1,0.031,22.1,192,Southern Hills Country Club,"Tulsa, OK",Dustin Johnson,70,7556,,73,146,75.1,75.05,72.44,71.36
2022 PGA Championship,2022-05-19,1,217.0,79.6,0.0,14.2,179,Southern Hills Country Club,"Tulsa, OK",Jinichiro Kozuma,70,7556,,73,146,75.1,75.05,72.44,71.36
2022 PGA Championship,2022-05-20,2,217.0,81.1,0.031,22.1,192,Southern Hills Country Club,"Tulsa, OK",Jinichiro Kozuma,70,7556,,73,146,75.1,75.05,72.44,71.36
2022 PGA Championship,2022-05-19,1,217.0,79.6,0.0,14.2,179,Southern Hills Country Club,"Tulsa, OK",Scottie Scheffler,70,7556,,71,146,75.1,75.05,72.44,71.36
2022 PGA Championship,2022-05-20,2,217.0,81.1,0.031,22.1,192,Southern Hills Country Club,"Tulsa, OK",Scottie Scheffler,70,7556,,75,146,75.1,75.05,72.44,71.36
2022 PGA Championship,2022-05-19,1,217.0,79.6,0.0,14.2,179,Southern Hills Country Club,"Tulsa, OK",Y.E. Yang,70,7556,,71,146,75.1,75.05,72.44,71.36
2022 PGA Championship,2022-05-20,2,217.0,81.1,0.031,22.1,192,Southern Hills Country Club,"Tulsa, OK",Y.E. Yang,70,7556,,75,146,75.1,75.05,72.44,71.36
2022 PGA Championship,2022-05-19,1,217.0,79.6,0.0,14.2,179,Southern Hills Country Club,"Tulsa, OK",Alex Noren,70,7556,,70,146,75.1,75.05,72.44,71.36
2022 PGA Championship,2022-05-20,2,217.0,81.1,0.031,22.1,192,Southern Hills Country Club,"Tulsa, OK",Alex Noren,70,7556,,76,146,75.1,75.05,72.44,71.36
2022 PGA Championship,2022-05-19,1,217.0,79.6,0.0,14.2,179,Southern Hills Country Club,"Tulsa, OK",Adam Scott,70,7556,,77,147,75.1,75.05,72.44,71.36
2022 PGA Championship,2022-05-20,2,217.0,81.1,0.031,22.1,192,Southern Hills Country Club,"Tulsa, OK",Adam Scott,70,7556,,70,147,75.1,75.05,72.44,71.36
2022 PGA Championship,2022-05-19,1,217.0,79.6,0.0,14.2,179,Southern Hills Country Club,"Tulsa, OK",Sadom Kaewkanjana,70,7556,,75,147,75.1,75.05,72.44,71.36
2022 PGA Championship,2022-05-20,2,217.0,81.1,0.031,22.1,192,Southern Hills Country Club,"Tulsa, OK",Sadom Kaewkanjana,70,7556,,72,147,75.1,75.05,72.44,71.36
2022 PGA Championship,2022-05-19,1,217.0,79.6,0.0,14.2,179,Southern Hills Country Club,"Tulsa, OK",Rich Beem,70,7556,,73,147,75.1,75.05,72.44,71.36
2022 PGA Championship,2022-05-20,2,217.0,81.1,0.031,22.1,192,Southern Hills Country Club,"Tulsa, OK",Rich Beem,70,7556,,74,147,75.1,75.05,72.44,71.36
2022 PGA Championship,2022-05-19,1,217.0,79.6,0.0,14.2,179,Southern Hills Country Club,"Tulsa, OK",Sergio Garcia,70,7556,,73,147,75.1,75.05,72.44,71.36
2022 PGA Championship,2022-05-20,2,217.0,81.1,0.031,22.1,192,Southern Hills Country Club,"Tulsa, OK",Sergio Garcia,70,7556,,74,147,75.1,75.05,72.44,71.36
2022 PGA Championship,2022-05-19,1,217.0,79.6,0.0,14.2,179,Southern Hills Country Club,"Tulsa, OK",Matthew Borchert,70,7556,,73,147,75.1,75.05,72.44,71.36
2022 PGA Championship,2022-05-20,2,217.0,81.1,0.031,22.1,192,Southern Hills Country Club,"Tulsa, OK",Matthew Borchert,70,7556,,74,147,75.1,75.05,72.44,71.36
2022 PGA Championship,2022-05-19,1,217.0,79.6,0.0,14.2,179,Southern Hills Country Club,"Tulsa, OK",Jason Dufner,70,7556,,72,147,75.1,75.05,72.44,71.36
2022 PGA Championship,2022-05-20,2,217.0,81.1,0.031,22.1,192,Southern Hills Country Club,"Tulsa, OK",Jason Dufner,70,7556,,75,147,75.1,75.05,72.44,71.36
2022 PGA Championship,2022-05-19,1,217.0,79.6,0.0,14.2,179,Southern Hills Country Club,"Tulsa, OK",Dean Burmester,70,7556,,69,147,75.1,75.05,72.44,71.36
2022 PGA Championship,2022-05-20,2,217.0,81.1,0.031,22.1,192,Southern Hills Country Club,"Tulsa, OK",Dean Burmester,70,7556,,78,147,75.1,75.05,72.44,71.36
2022 PGA Championship,2022-05-19,1,217.0,79.6,0.0,14.2,179,Southern Hills Country Club,"Tulsa, OK",Scott Stallings,70,7556,,78,148,75.1,75.05,72.44,71.36
2022 PGA Championship,2022-05-20,2,217.0,81.1,0.031,22.1,192,Southern Hills Country Club,"Tulsa, OK",Scott Stallings,70,7556,,70,148,75.1,75.05,72.44,71.36
2022 PGA Championship,2022-05-19,1,217.0,79.6,0.0,14.2,179,Southern Hills Country Club,"Tulsa, OK",Bio Kim,70,7556,,76,148,75.1,75.05,72.44,71.36
2022 PGA Championship,2022-05-20,2,217.0,81.1,0.031,22.1,192,Southern Hills Country Club,"Tulsa, OK",Bio Kim,70,7556,,72,148,75.1,75.05,72.44,71.36
2022 PGA Championship,2022-05-19,1,217.0,79.6,0.0,14.2,179,Southern Hills Country Club,"Tulsa, OK",Hudson Swafford,70,7556,,74,148,75.1,75.05,72.44,71.36
2022 PGA Championship,2022-05-20,2,217.0,81.1,0.031,22.1,192,Southern Hills Country Club,"Tulsa, OK",Hudson Swafford,70,7556,,74,148,75.1,75.05,72.44,71.36
2022 PGA Championship,2022-05-19,1,217.0,79.6,0.0,14.2,179,Southern Hills Country Club,"Tulsa, OK",John Daly,70,7556,,72,148,75.1,75.05,72.44,71.36
2022 PGA Championship,2022-05-20,2,217.0,81.1,0.031,22.1,192,Southern Hills Country Club,"Tulsa, OK",John Daly,70,7556,,76,148,75.1,75.05,72.44,71.36
2022 PGA Championship,2022-05-19,1,217.0,79.6,0.0,14.2,179,Southern Hills Country Club,"Tulsa, OK",Yuki Inamori,70,7556,,72,148,75.1,75.05,72.44,71.36
2022 PGA Championship,2022-05-20,2,217.0,81.1,0.031,22.1,192,Southern Hills Country Club,"Tulsa, OK",Yuki Inamori,70,7556,,76,148,75.1,75.05,72.44,71.36
2022 PGA Championship,2022-05-19,1,217.0,79.6,0.0,14.2,179,Southern Hills Country Club,"Tulsa, OK",Mackenzie Hughes,70,7556,,77,149,75.1,75.05,72.44,71.36
2022 PGA Championship,2022-05-20,2,217.0,81.1,0.031,22.1,192,Southern Hills Country Club,"Tulsa, OK",Mackenzie Hughes,70,7556,,72,149,75.1,75.05,72.44,71.36
2022 PGA Championship,2022-05-19,1,217.0,79.6,0.0,14.2,179,Southern Hills Country Club,"Tulsa, OK",Ryan Brehm,70,7556,,76,149,75.1,75.05,72.44,71.36
2022 PGA Championship,2022-05-20,2,217.0,81.1,0.031,22.1,192,Southern Hills Country Club,"Tulsa, OK",Ryan Brehm,70,7556,,73,149,75.1,75.05,72.44,71.36
2022 PGA Championship,2022-05-19,1,217.0,79.6,0.0,14.2,179,Southern Hills Country Club,"Tulsa, OK",Corey Conners,70,7556,,76,149,75.1,75.05,72.44,71.36
2022 PGA Championship,2022-05-20,2,217.0,81.1,0.031,22.1,192,Southern Hills Country Club,"Tulsa, OK",Corey Conners,70,7556,,73,149,75.1,75.05,72.44,71.36
2022 PGA Championship,2022-05-19,1,217.0,79.6,0.0,14.2,179,Southern Hills Country Club,"Tulsa, OK",Sam Horsfield,70,7556,,74,149,75.1,75.05,72.44,71.36
2022 PGA Championship,2022-05-20,2,217.0,81.1,0.031,22.1,192,Southern Hills Country Club,"Tulsa, OK",Sam Horsfield,70,7556,,75,149,75.1,75.05,72.44,71.36
2022 PGA Championship,2022-05-19,1,217.0,79.6,0.0,14.2,179,Southern Hills Country Club,"Tulsa, OK",Daniel van Tonder,70,7556,,74,149,75.1,75.05,72.44,71.36
2022 PGA Championship,2022-05-20,2,217.0,81.1,0.031,22.1,192,Southern Hills Country Club,"Tulsa, OK",Daniel van Tonder,70,7556,,75,149,75.1,75.05,72.44,71.36
2022 PGA Championship,2022-05-19,1,217.0,79.6,0.0,14.2,179,Southern Hills Country Club,"Tulsa, OK",Joel Dahmen,70,7556,,73,149,75.1,75.05,72.44,71.36
2022 PGA Championship,2022-05-20,2,217.0,81.1,0.031,22.1,192,Southern Hills Country Club,"Tulsa, OK",Joel Dahmen,70,7556,,76,149,75.1,75.05,72.44,71.36
2022 PGA Championship,2022-05-19,1,217.0,79.6,0.0,14.2,179,Southern Hills Country Club,"Tulsa, OK",Tyler Collet,70,7556,,79,150,75.1,75.05,72.44,71.36
2022 PGA Championship,2022-05-20,2,217.0,81.1,0.031,22.1,192,Southern Hills Country Club,"Tulsa, OK",Tyler Collet,70,7556,,71,150,75.1,75.05,72.44,71.36
2022 PGA Championship,2022-05-19,1,217.0,79.6,0.0,14.2,179,Southern Hills Country Club,"Tulsa, OK",Oliver Bekker,70,7556,,78,150,75.1,75.05,72.44,71.36
2022 PGA Championship,2022-05-20,2,217.0,81.1,0.031,22.1,192,Southern Hills Country Club,"Tulsa, OK",Oliver Bekker,70,7556,,72,150,75.1,75.05,72.44,71.36
2022 PGA Championship,2022-05-19,1,217.0,79.6,0.0,14.2,179,Southern Hills Country Club,"Tulsa, OK",Cameron Champ,70,7556,,74,150,75.1,75.05,72.44,71.36
2022 PGA Championship,2022-05-20,2,217.0,81.1,0.031,22.1,192,Southern Hills Country Club,"Tulsa, OK",Cameron Champ,70,7556,,76,150,75.1,75.05,72.44,71.36
2022 PGA Championship,2022-05-19,1,217.0,79.6,0.0,14.2,179,Southern Hills Country Club,"Tulsa, OK",Richard Bland,70,7556,,74,150,75.1,75.05,72.44,71.36
2022 PGA Championship,2022-05-20,2,217.0,81.1,0.031,22.1,192,Southern Hills Country Club,"Tulsa, OK",Richard Bland,70,7556,,76,150,75.1,75.05,72.44,71.36
2022 PGA Championship,2022-05-19,1,217.0,79.6,0.0,14.2,179,Southern Hills Country Club,"Tulsa, OK",Garrick Higgo,70,7556,,74,150,75.1,75.05,72.44,71.36
2022 PGA Championship,2022-05-20,2,217.0,81.1,0.031,22.1,192,Southern Hills Country Club,"Tulsa, OK",Garrick Higgo,70,7556,,76,150,75.1,75.05,72.44,71.36
2022 PGA Championship,2022-05-19,1,217.0,79.6,0.0,14.2,179,Southern Hills Country Club,"Tulsa, OK",Matt Jones,70,7556,,73,150,75.1,75.05,72.44,71.36
2022 PGA Championship,2022-05-20,2,217.0,81.1,0.031,22.1,192,Southern Hills Country Club,"Tulsa, OK",Matt Jones,70,7556,,77,150,75.1,75.05,72.44,71.36
2022 PGA Championship,2022-05-19,1,217.0,79.6,0.0,14.2,179,Southern Hills Country Club,"Tulsa, OK",Jesse Mueller,70,7556,,72,150,75.1,75.05,72.44,71.36
2022 PGA Championship,2022-05-20,2,217.0,81.1,0.031,22.1,192,Southern Hills Country Club,"Tulsa, OK",Jesse Mueller,70,7556,,78,150,75.1,75.05,72.44,71.36
2022 PGA Championship,2022-05-19,1,217.0,79.6,0.0,14.2,179,Southern Hills Country Club,"Tulsa, OK",Ryosuke Kinoshita,70,7556,,79,151,75.1,75.05,72.44,71.36
2022 PGA Championship,2022-05-20,2,217.0,81.1,0.031,22.1,192,Southern Hills Country Club,"Tulsa, OK",Ryosuke Kinoshita,70,7556,,72,151,75.1,75.05,72.44,71.36
2022 PGA Championship,2022-05-19,1,217.0,79.6,0.0,14.2,179,Southern Hills Country Club,"Tulsa, OK",Michael Block,70,7556,,78,151,75.1,75.05,72.44,71.36
2022 PGA Championship,2022-05-20,2,217.0,81.1,0.031,22.1,192,Southern Hills Country Club,"Tulsa, OK",Michael Block,70,7556,,73,151,75.1,75.05,72.44,71.36
2022 PGA Championship,2022-05-19,1,217.0,79.6,0.0,14.2,179,Southern Hills Country Club,"Tulsa, OK",Chad Ramey,70,7556,,77,151,75.1,75.05,72.44,71.36
2022 PGA Championship,2022-05-20,2,217.0,81.1,0.031,22.1,192,Southern Hills Country Club,"Tulsa, OK",Chad Ramey,70,7556,,74,151,75.1,75.05,72.44,71.36
2022 PGA Championship,2022-05-19,1,217.0,79.6,0.0,14.2,179,Southern Hills Country Club,"Tulsa, OK",Patrick Cantlay,70,7556,,76,151,75.1,75.05,72.44,71.36
2022 PGA Championship,2022-05-20,2,217.0,81.1,0.031,22.1,192,Southern Hills Country Club,"Tulsa, OK",Patrick Cantlay,70,7556,,75,151,75.1,75.05,72.44,71.36
2022 PGA Championship,2022-05-19,1,217.0,79.6,0.0,14.2,179,Southern Hills Country Club,"Tulsa, OK",Erik van Rooyen,70,7556,,75,151,75.1,75.05,72.44,71.36
2022 PGA Championship,2022-05-20,2,217.0,81.1,0.031,22.1,192,Southern Hills Country Club,"Tulsa, OK",Erik van Rooyen,70,7556,,76,151,75.1,75.05,72.44,71.36
2022 PGA Championship,2022-05-19,1,217.0,79.6,0.0,14.2,179,Southern Hills Country Club,"Tulsa, OK",Ryan Vermeer,70,7556,,75,151,75.1,75.05,72.44,71.36
2022 PGA Championship,2022-05-20,2,217.0,81.1,0.031,22.1,192,Southern Hills Country Club,"Tulsa, OK",Ryan Vermeer,70,7556,,76,151,75.1,75.05,72.44,71.36
2022 PGA Championship,2022-05-19,1,217.0,79.6,0.0,14.2,179,Southern Hills Country Club,"Tulsa, OK",Zach Johnson,70,7556,,74,151,75.1,75.05,72.44,71.36
2022 PGA Championship,2022-05-20,2,217.0,81.1,0.031,22.1,192,Southern Hills Country Club,"Tulsa, OK",Zach Johnson,70,7556,,77,151,75.1,75.05,72.44,71.36
2022 PGA Championship,2022-05-19,1,217.0,79.6,0.0,14.2,179,Southern Hills Country Club,"Tulsa, OK",Alex Beach,70,7556,,73,151,75.1,75.05,72.44,71.36
2022 PGA Championship,2022-05-20,2,217.0,81.1,0.031,22.1,192,Southern Hills Country Club,"Tulsa, OK",Alex Beach,70,7556,,78,151,75.1,75.05,72.44,71.36
2022 PGA Championship,2022-05-19,1,217.0,79.6,0.0,14.2,179,Southern Hills Country Club,"Tulsa, OK",Alex Cejka,70,7556,,72,151,75.1,75.05,72.44,71.36
2022 PGA Championship,2022-05-20,2,217.0,81.1,0.031,22.1,192,Southern Hills Country Club,"Tulsa, OK",Alex Cejka,70,7556,,79,151,75.1,75.05,72.44,71.36
2022 PGA Championship,2022-05-19,1,217.0,79.6,0.0,14.2,179,Southern Hills Country Club,"Tulsa, OK",Padraig Harrington,70,7556,,77,152,75.1,75.05,72.44,71.36
2022 PGA Championship,2022-05-20,2,217.0,81.1,0.031,22.1,192,Southern Hills Country Club,"Tulsa, OK",Padraig Harrington,70,7556,,75,152,75.1,75.05,72.44,71.36
2022 PGA Championship,2022-05-19,1,217.0,79.6,0.0,14.2,179,Southern Hills Country Club,"Tulsa, OK",Kyle Mendoza,70,7556,,75,152,75.1,75.05,72.44,71.36
2022 PGA Championship,2022-05-20,2,217.0,81.1,0.031,22.1,192,Southern Hills Country Club,"Tulsa, OK",Kyle Mendoza,70,7556,,77,152,75.1,75.05,72.44,71.36
2022 PGA Championship,2022-05-19,1,217.0,79.6,0.0,14.2,179,Southern Hills Country Club,"Tulsa, OK",Jhonattan Vegas,70,7556,,73,152,75.1,75.05,72.44,71.36
2022 PGA Championship,2022-05-20,2,217.0,81.1,0.031,22.1,192,Southern Hills Country Club,"Tulsa, OK",Jhonattan Vegas,70,7556,,79,152,75.1,75.05,72.44,71.36
2022 PGA Championship,2022-05-19,1,217.0,79.6,0.0,14.2,179,Southern Hills Country Club,"Tulsa, OK",Brandon Bingaman,70,7556,,78,153,75.1,75.05,72.44,71.36
2022 PGA Championship,2022-05-20,2,217.0,81.1,0.031,22.1,192,Southern Hills Country Club,"Tulsa, OK",Brandon Bingaman,70,7556,,75,153,75.1,75.05,72.44,71.36
2022 PGA Championship,2022-05-19,1,217.0,79.6,0.0,14.2,179,Southern Hills Country Club,"Tulsa, OK",Nicolai Højgaard,70,7556,,78,153,75.1,75.05,72.44,71.36
2022 PGA Championship,2022-05-20,2,217.0,81.1,0.031,22.1,192,Southern Hills Country Club,"Tulsa, OK",Nicolai Højgaard,70,7556,,75,153,75.1,75.05,72.44,71.36
2022 PGA Championship,2022-05-19,1,217.0,79.6,0.0,14.2,179,Southern Hills Country Club,"Tulsa, OK",Nic Ishee,70,7556,,78,153,75.1,75.05,72.44,71.36
2022 PGA Championship,2022-05-20,2,217.0,81.1,0.031,22.1,192,Southern Hills Country Club,"Tulsa, OK",Nic Ishee,70,7556,,75,153,75.1,75.05,72.44,71.36
2022 PGA Championship,2022-05-19,1,217.0,79.6,0.0,14.2,179,Southern Hills Country Club,"Tulsa, OK",Dylan Newman,70,7556,,78,153,75.1,75.05,72.44,71.36
2022 PGA Championship,2022-05-20,2,217.0,81.1,0.031,22.1,192,Southern Hills Country Club,"Tulsa, OK",Dylan Newman,70,7556,,75,153,75.1,75.05,72.44,71.36
2022 PGA Championship,2022-05-19,1,217.0,79.6,0.0,14.2,179,Southern Hills Country Club,"Tulsa, OK",Takumi Kanaya,70,7556,,77,153,75.1,75.05,72.44,71.36
2022 PGA Championship,2022-05-20,2,217.0,81.1,0.031,22.1,192,Southern Hills Country Club,"Tulsa, OK",Takumi Kanaya,70,7556,,76,153,75.1,75.05,72.44,71.36
2022 PGA Championship,2022-05-19,1,217.0,79.6,0.0,14.2,179,Southern Hills Country Club,"Tulsa, OK",Martin Kaymer,70,7556,,76,153,75.1,75.05,72.44,71.36
2022 PGA Championship,2022-05-20,2,217.0,81.1,0.031,22.1,192,Southern Hills Country Club,"Tulsa, OK",Martin Kaymer,70,7556,,77,153,75.1,75.05,72.44,71.36
2022 PGA Championship,2022-05-19,1,217.0,79.6,0.0,14.2,179,Southern Hills Country Club,"Tulsa, OK",Matthew Wolff,70,7556,,76,153,75.1,75.05,72.44,71.36
2022 PGA Championship,2022-05-20,2,217.0,81.1,0.031,22.1,192,Southern Hills Country Club,"Tulsa, OK",Matthew Wolff,70,7556,,77,153,75.1,75.05,72.44,71.36
2022 PGA Championship,2022-05-19,1,217.0,79.6,0.0,14.2,179,Southern Hills Country Club,"Tulsa, OK",Shaun Micheel,70,7556,,76,153,75.1,75.05,72.44,71.36
2022 PGA Championship,2022-05-20,2,217.0,81.1,0.031,22.1,192,Southern Hills Country Club,"Tulsa, OK",Shaun Micheel,70,7556,,77,153,75.1,75.05,72.44,71.36
2022 PGA Championship,2022-05-19,1,217.0,79.6,0.0,14.2,179,Southern Hills Country Club,"Tulsa, OK",Daniel Berger,70,7556,,73,153,75.1,75.05,72.44,71.36
2022 PGA Championship,2022-05-20,2,217.0,81.1,0.031,22.1,192,Southern Hills Country Club,"Tulsa, OK",Daniel Berger,70,7556,,80,153,75.1,75.05,72.44,71.36
2022 PGA Championship,2022-05-19,1,217.0,79.6,0.0,14.2,179,Southern Hills Country Club,"Tulsa, OK",Carlos Ortiz,70,7556,,79,154,75.1,75.05,72.44,71.36
2022 PGA Championship,2022-05-20,2,217.0,81.1,0.031,22.1,192,Southern Hills Country Club,"Tulsa, OK",Carlos Ortiz,70,7556,,75,154,75.1,75.05,72.44,71.36
2022 PGA Championship,2022-05-19,1,217.0,79.6,0.0,14.2,179,Southern Hills Country Club,"Tulsa, OK",Tom Kim,70,7556,,78,154,75.1,75.05,72.44,71.36
2022 PGA Championship,2022-05-20,2,217.0,81.1,0.031,22.1,192,Southern Hills Country Club,"Tulsa, OK",Tom Kim,70,7556,,76,154,75.1,75.05,72.44,71.36
2022 PGA Championship,2022-05-19,1,217.0,79.6,0.0,14.2,179,Southern Hills Country Club,"Tulsa, OK",Wyatt Worthington II,70,7556,,77,154,75.1,75.05,72.44,71.36
2022 PGA Championship,2022-05-20,2,217.0,81.1,0.031,22.1,192,Southern Hills Country Club,"Tulsa, OK",Wyatt Worthington II,70,7556,,77,154,75.1,75.05,72.44,71.36
2022 PGA Championship,2022-05-19,1,217.0,79.6,0.0,14.2,179,Southern Hills Country Club,"Tulsa, OK",Pablo Larrazábal,70,7556,,77,154,75.1,75.05,72.44,71.36
2022 PGA Championship,2022-05-20,2,217.0,81.1,0.031,22.1,192,Southern Hills Country Club,"Tulsa, OK",Pablo Larrazábal,70,7556,,77,154,75.1,75.05,72.44,71.36
2022 PGA Championship,2022-05-19,1,217.0,79.6,0.0,14.2,179,Southern Hills Country Club,"Tulsa, OK",Paul Dickinson,70,7556,,78,155,75.1,75.05,72.44,71.36
2022 PGA Championship,2022-05-20,2,217.0,81.1,0.031,22.1,192,Southern Hills Country Club,"Tulsa, OK",Paul Dickinson,70,7556,,77,155,75.1,75.05,72.44,71.36
2022 PGA Championship,2022-05-19,1,217.0,79.6,0.0,14.2,179,Southern Hills Country Club,"Tulsa, OK",Colin Inglis,70,7556,,78,155,75.1,75.05,72.44,71.36
2022 PGA Championship,2022-05-20,2,217.0,81.1,0.031,22.1,192,Southern Hills Country Club,"Tulsa, OK",Colin Inglis,70,7556,,77,155,75.1,75.05,72.44,71.36
2022 PGA Championship,2022-05-19,1,217.0,79.6,0.0,14.2,179,Southern Hills Country Club,"Tulsa, OK",Jared Jones,70,7556,,79,157,75.1,75.05,72.44,71.36
2022 PGA Championship,2022-05-20,2,217.0,81.1,0.031,22.1,192,Southern Hills Country Club,"Tulsa, OK",Jared Jones,70,7556,,78,157,75.1,75.05,72.44,71.36
2022 PGA Championship,2022-05-19,1,217.0,79.6,0.0,14.2,179,Southern Hills Country Club,"Tulsa, OK",Casey Pyne,70,7556,,79,157,75.1,75.05,72.44,71.36
2022 PGA Championship,2022-05-20,2,217.0,81.1,0.031,22.1,192,Southern Hills Country Club,"Tulsa, OK",Casey Pyne,70,7556,,78,157,75.1,75.05,72.44,71.36
2022 PGA Championship,2022-05-19,1,217.0,79.6,0.0,14.2,179,Southern Hills Country Club,"Tulsa, OK",Shawn Warren,70,7556,,78,157,75.1,75.05,72.44,71.36
2022 PGA Championship,2022-05-20,2,217.0,81.1,0.031,22.1,192,Southern Hills Country Club,"Tulsa, OK",Shawn Warren,70,7556,,79,157,75.1,75.05,72.44,71.36
2022 PGA Championship,2022-05-19,1,217.0,79.6,0.0,14.2,179,Southern Hills Country Club,"Tulsa, OK",Tim Feenstra,70,7556,,77,158,75.1,75.05,72.44,71.36
2022 PGA Championship,2022-05-20,2,217.0,81.1,0.031,22.1,192,Southern Hills Country Club,"Tulsa, OK",Tim Feenstra,70,7556,,81,158,75.1,75.05,72.44,71.36
2022 PGA Championship,2022-05-19,1,217.0,79.6,0.0,14.2,179,Southern Hills Country Club,"Tulsa, OK",Austin Hurt,70,7556,,78,159,75.1,75.05,72.44,71.36
2022 PGA Championship,2022-05-20,2,217.0,81.1,0.031,22.1,192,Southern Hills Country Club,"Tulsa, OK",Austin Hurt,70,7556,,81,159,75.1,75.05,72.44,71.36
2022 PGA Championship,2022-05-19,1,217.0,79.6,0.0,14.2,179,Southern Hills Country Club,"Tulsa, OK",Sean McCarty,70,7556,,82,161,75.1,75.05,72.44,71.36
2022 PGA Championship,2022-05-20,2,217.0,81.1,0.031,22.1,192,Southern Hills Country Club,"Tulsa, OK",Sean McCarty,70,7556,,79,161,75.1,75.05,72.44,71.36
2022 PGA Championship,2022-05-19,1,217.0,79.6,0.0,14.2,179,Southern Hills Country Club,"Tulsa, OK",Zac Oakley,70,7556,,81,163,75.1,75.05,72.44,71.36
2022 PGA Championship,2022-05-20,2,217.0,81.1,0.031,22.1,192,Southern Hills Country Club,"Tulsa, OK",Zac Oakley,70,7556,,82,163,75.1,75.05,72.44,71.36
