TOURNAMENT_NAME,ROUND_DATE,ROUND_NUMBER,ELEVATION,TEMPERATURE,PRECIPITATION,WIND_SPEED,WIND_DIRECTION,COURSE_NAME,COURSE_LOCATION,PLAYER_NAME,PAR,LENGTH,SCORE,TOTAL_SCORE
2023 The Memorial Tournament pres. by Workday,2023-06-01,1,255.0,74.5,0.0,8.0,84,Muirfield Village Golf Club,"Dublin, OH",Viktor Hovland,72,7571,71,281
2023 The Memorial Tournament pres. by Workday,2023-06-02,2,255.0,74.8,0.0,12.8,33,Muirfield Village Golf Club,"Dublin, OH",Viktor Hovland,72,7571,71,281
2023 The Memorial Tournament pres. by Workday,2023-06-03,3,255.0,78.1,0.008,11.5,26,Muirfield Village Golf Club,"Dublin, OH",Viktor Hovland,72,7571,69,281
2023 The Memorial Tournament pres. by Workday,2023-06-04,4,255.0,73.2,0.0,11.7,24,Muirfield Village Golf Club,"Dublin, OH",Viktor Hovland,72,7571,70,281
2023 The Memorial Tournament pres. by Workday,2023-06-01,1,255.0,74.5,0.0,8.0,84,Muirfield Village Golf Club,"Dublin, OH",Denny McCarthy,72,7571,71,281
2023 The Memorial Tournament pres. by Workday,2023-06-02,2,255.0,74.8,0.0,12.8,33,Muirfield Village Golf Club,"Dublin, OH",Denny McCarthy,72,7571,72,281
2023 The Memorial Tournament pres. by Workday,2023-06-03,3,255.0,78.1,0.008,11.5,26,Muirfield Village Golf Club,"Dublin, OH",Denny McCarthy,72,7571,68,281
2023 The Memorial Tournament pres. by Workday,2023-06-04,4,255.0,73.2,0.0,11.7,24,Muirfield Village Golf Club,"Dublin, OH",Denny McCarthy,72,7571,70,281
2023 The Memorial Tournament pres. by Workday,2023-06-01,1,255.0,74.5,0.0,8.0,84,Muirfield Village Golf Club,"Dublin, OH",Scottie Scheffler,72,7571,74,282
2023 The Memorial Tournament pres. by Workday,2023-06-02,2,255.0,74.8,0.0,12.8,33,Muirfield Village Golf Club,"Dublin, OH",Scottie Scheffler,72,7571,73,282
2023 The Memorial Tournament pres. by Workday,2023-06-03,3,255.0,78.1,0.008,11.5,26,Muirfield Village Golf Club,"Dublin, OH",Scottie Scheffler,72,7571,68,282
2023 The Memorial Tournament pres. by Workday,2023-06-04,4,255.0,73.2,0.0,11.7,24,Muirfield Village Golf Club,"Dublin, OH",Scottie Scheffler,72,7571,67,282
2023 The Memorial Tournament pres. by Workday,2023-06-01,1,255.0,74.5,0.0,8.0,84,Muirfield Village Golf Club,"Dublin, OH",Si Woo Kim,72,7571,71,283
2023 The Memorial Tournament pres. by Workday,2023-06-02,2,255.0,74.8,0.0,12.8,33,Muirfield Village Golf Club,"Dublin, OH",Si Woo Kim,72,7571,68,283
2023 The Memorial Tournament pres. by Workday,2023-06-03,3,255.0,78.1,0.008,11.5,26,Muirfield Village Golf Club,"Dublin, OH",Si Woo Kim,72,7571,71,283
2023 The Memorial Tournament pres. by Workday,2023-06-04,4,255.0,73.2,0.0,11.7,24,Muirfield Village Golf Club,"Dublin, OH",Si Woo Kim,72,7571,73,283
2023 The Memorial Tournament pres. by Workday,2023-06-01,1,255.0,74.5,0.0,8.0,84,Muirfield Village Golf Club,"Dublin, OH",Andrew Putnam,72,7571,71,284
2023 The Memorial Tournament pres. by Workday,2023-06-02,2,255.0,74.8,0.0,12.8,33,Muirfield Village Golf Club,"Dublin, OH",Andrew Putnam,72,7571,72,284
2023 The Memorial Tournament pres. by Workday,2023-06-03,3,255.0,78.1,0.008,11.5,26,Muirfield Village Golf Club,"Dublin, OH",Andrew Putnam,72,7571,71,284
2023 The Memorial Tournament pres. by Workday,2023-06-04,4,255.0,73.2,0.0,11.7,24,Muirfield Village Golf Club,"Dublin, OH",Andrew Putnam,72,7571,70,284
2023 The Memorial Tournament pres. by Workday,2023-06-01,1,255.0,74.5,0.0,8.0,84,Muirfield Village Golf Club,"Dublin, OH",Jordan Spieth,72,7571,69,284
2023 The Memorial Tournament pres. by Workday,2023-06-02,2,255.0,74.8,0.0,12.8,33,Muirfield Village Golf Club,"Dublin, OH",Jordan Spieth,72,7571,72,284
2023 The Memorial Tournament pres. by Workday,2023-06-03,3,255.0,78.1,0.008,11.5,26,Muirfield Village Golf Club,"Dublin, OH",Jordan Spieth,72,7571,72,284
2023 The Memorial Tournament pres. by Workday,2023-06-04,4,255.0,73.2,0.0,11.7,24,Muirfield Village Golf Club,"Dublin, OH",Jordan Spieth,72,7571,71,284
2023 The Memorial Tournament pres. by Workday,2023-06-01,1,255.0,74.5,0.0,8.0,84,Muirfield Village Golf Club,"Dublin, OH",Adam Schenk,72,7571,75,285
2023 The Memorial Tournament pres. by Workday,2023-06-02,2,255.0,74.8,0.0,12.8,33,Muirfield Village Golf Club,"Dublin, OH",Adam Schenk,72,7571,71,285
2023 The Memorial Tournament pres. by Workday,2023-06-03,3,255.0,78.1,0.008,11.5,26,Muirfield Village Golf Club,"Dublin, OH",Adam Schenk,72,7571,68,285
2023 The Memorial Tournament pres. by Workday,2023-06-04,4,255.0,73.2,0.0,11.7,24,Muirfield Village Golf Club,"Dublin, OH",Adam Schenk,72,7571,71,285
2023 The Memorial Tournament pres. by Workday,2023-06-01,1,255.0,74.5,0.0,8.0,84,Muirfield Village Golf Club,"Dublin, OH",Rory McIlroy,72,7571,72,285
2023 The Memorial Tournament pres. by Workday,2023-06-02,2,255.0,74.8,0.0,12.8,33,Muirfield Village Golf Club,"Dublin, OH",Rory McIlroy,72,7571,68,285
2023 The Memorial Tournament pres. by Workday,2023-06-03,3,255.0,78.1,0.008,11.5,26,Muirfield Village Golf Club,"Dublin, OH",Rory McIlroy,72,7571,70,285
2023 The Memorial Tournament pres. by Workday,2023-06-04,4,255.0,73.2,0.0,11.7,24,Muirfield Village Golf Club,"Dublin, OH",Rory McIlroy,72,7571,75,285
2023 The Memorial Tournament pres. by Workday,2023-06-01,1,255.0,74.5,0.0,8.0,84,Muirfield Village Golf Club,"Dublin, OH",Adam Scott,72,7571,70,286
2023 The Memorial Tournament pres. by Workday,2023-06-02,2,255.0,74.8,0.0,12.8,33,Muirfield Village Golf Club,"Dublin, OH",Adam Scott,72,7571,75,286
2023 The Memorial Tournament pres. by Workday,2023-06-03,3,255.0,78.1,0.008,11.5,26,Muirfield Village Golf Club,"Dublin, OH",Adam Scott,72,7571,70,286
2023 The Memorial Tournament pres. by Workday,2023-06-04,4,255.0,73.2,0.0,11.7,24,Muirfield Village Golf Club,"Dublin, OH",Adam Scott,72,7571,71,286
2023 The Memorial Tournament pres. by Workday,2023-06-01,1,255.0,74.5,0.0,8.0,84,Muirfield Village Golf Club,"Dublin, OH",Matt Fitzpatrick,72,7571,76,286
2023 The Memorial Tournament pres. by Workday,2023-06-02,2,255.0,74.8,0.0,12.8,33,Muirfield Village Golf Club,"Dublin, OH",Matt Fitzpatrick,72,7571,68,286
2023 The Memorial Tournament pres. by Workday,2023-06-03,3,255.0,78.1,0.008,11.5,26,Muirfield Village Golf Club,"Dublin, OH",Matt Fitzpatrick,72,7571,70,286
2023 The Memorial Tournament pres. by Workday,2023-06-04,4,255.0,73.2,0.0,11.7,24,Muirfield Village Golf Club,"Dublin, OH",Matt Fitzpatrick,72,7571,72,286
2023 The Memorial Tournament pres. by Workday,2023-06-01,1,255.0,74.5,0.0,8.0,84,Muirfield Village Golf Club,"Dublin, OH",Rickie Fowler,72,7571,72,286
2023 The Memorial Tournament pres. by Workday,2023-06-02,2,255.0,74.8,0.0,12.8,33,Muirfield Village Golf Club,"Dublin, OH",Rickie Fowler,72,7571,68,286
2023 The Memorial Tournament pres. by Workday,2023-06-03,3,255.0,78.1,0.008,11.5,26,Muirfield Village Golf Club,"Dublin, OH",Rickie Fowler,72,7571,74,286
2023 The Memorial Tournament pres. by Workday,2023-06-04,4,255.0,73.2,0.0,11.7,24,Muirfield Village Golf Club,"Dublin, OH",Rickie Fowler,72,7571,72,286
2023 The Memorial Tournament pres. by Workday,2023-06-01,1,255.0,74.5,0.0,8.0,84,Muirfield Village Golf Club,"Dublin, OH",Tyrrell Hatton,72,7571,71,287
2023 The Memorial Tournament pres. by Workday,2023-06-02,2,255.0,74.8,0.0,12.8,33,Muirfield Village Golf Club,"Dublin, OH",Tyrrell Hatton,72,7571,71,287
2023 The Memorial Tournament pres. by Workday,2023-06-03,3,255.0,78.1,0.008,11.5,26,Muirfield Village Golf Club,"Dublin, OH",Tyrrell Hatton,72,7571,73,287
2023 The Memorial Tournament pres. by Workday,2023-06-04,4,255.0,73.2,0.0,11.7,24,Muirfield Village Golf Club,"Dublin, OH",Tyrrell Hatton,72,7571,72,287
2023 The Memorial Tournament pres. by Workday,2023-06-01,1,255.0,74.5,0.0,8.0,84,Muirfield Village Golf Club,"Dublin, OH",Lee Hodges,72,7571,72,287
2023 The Memorial Tournament pres. by Workday,2023-06-02,2,255.0,74.8,0.0,12.8,33,Muirfield Village Golf Club,"Dublin, OH",Lee Hodges,72,7571,69,287
2023 The Memorial Tournament pres. by Workday,2023-06-03,3,255.0,78.1,0.008,11.5,26,Muirfield Village Golf Club,"Dublin, OH",Lee Hodges,72,7571,70,287
2023 The Memorial Tournament pres. by Workday,2023-06-04,4,255.0,73.2,0.0,11.7,24,Muirfield Village Golf Club,"Dublin, OH",Lee Hodges,72,7571,76,287
2023 The Memorial Tournament pres. by Workday,2023-06-01,1,255.0,74.5,0.0,8.0,84,Muirfield Village Golf Club,"Dublin, OH",Wyndham Clark,72,7571,70,287
2023 The Memorial Tournament pres. by Workday,2023-06-02,2,255.0,74.8,0.0,12.8,33,Muirfield Village Golf Club,"Dublin, OH",Wyndham Clark,72,7571,71,287
2023 The Memorial Tournament pres. by Workday,2023-06-03,3,255.0,78.1,0.008,11.5,26,Muirfield Village Golf Club,"Dublin, OH",Wyndham Clark,72,7571,70,287
2023 The Memorial Tournament pres. by Workday,2023-06-04,4,255.0,73.2,0.0,11.7,24,Muirfield Village Golf Club,"Dublin, OH",Wyndham Clark,72,7571,76,287
2023 The Memorial Tournament pres. by Workday,2023-06-01,1,255.0,74.5,0.0,8.0,84,Muirfield Village Golf Club,"Dublin, OH",David Lipsky,72,7571,69,287
2023 The Memorial Tournament pres. by Workday,2023-06-02,2,255.0,74.8,0.0,12.8,33,Muirfield Village Golf Club,"Dublin, OH",David Lipsky,72,7571,69,287
2023 The Memorial Tournament pres. by Workday,2023-06-03,3,255.0,78.1,0.008,11.5,26,Muirfield Village Golf Club,"Dublin, OH",David Lipsky,72,7571,72,287
2023 The Memorial Tournament pres. by Workday,2023-06-04,4,255.0,73.2,0.0,11.7,24,Muirfield Village Golf Club,"Dublin, OH",David Lipsky,72,7571,77,287
2023 The Memorial Tournament pres. by Workday,2023-06-01,1,255.0,74.5,0.0,8.0,84,Muirfield Village Golf Club,"Dublin, OH",Luke List,72,7571,73,288
2023 The Memorial Tournament pres. by Workday,2023-06-02,2,255.0,74.8,0.0,12.8,33,Muirfield Village Golf Club,"Dublin, OH",Luke List,72,7571,74,288
2023 The Memorial Tournament pres. by Workday,2023-06-03,3,255.0,78.1,0.008,11.5,26,Muirfield Village Golf Club,"Dublin, OH",Luke List,72,7571,71,288
2023 The Memorial Tournament pres. by Workday,2023-06-04,4,255.0,73.2,0.0,11.7,24,Muirfield Village Golf Club,"Dublin, OH",Luke List,72,7571,70,288
2023 The Memorial Tournament pres. by Workday,2023-06-01,1,255.0,74.5,0.0,8.0,84,Muirfield Village Golf Club,"Dublin, OH",Shane Lowry,72,7571,69,288
2023 The Memorial Tournament pres. by Workday,2023-06-02,2,255.0,74.8,0.0,12.8,33,Muirfield Village Golf Club,"Dublin, OH",Shane Lowry,72,7571,76,288
2023 The Memorial Tournament pres. by Workday,2023-06-03,3,255.0,78.1,0.008,11.5,26,Muirfield Village Golf Club,"Dublin, OH",Shane Lowry,72,7571,70,288
2023 The Memorial Tournament pres. by Workday,2023-06-04,4,255.0,73.2,0.0,11.7,24,Muirfield Village Golf Club,"Dublin, OH",Shane Lowry,72,7571,73,288
2023 The Memorial Tournament pres. by Workday,2023-06-01,1,255.0,74.5,0.0,8.0,84,Muirfield Village Golf Club,"Dublin, OH",Sam Burns,72,7571,71,288
2023 The Memorial Tournament pres. by Workday,2023-06-02,2,255.0,74.8,0.0,12.8,33,Muirfield Village Golf Club,"Dublin, OH",Sam Burns,72,7571,71,288
2023 The Memorial Tournament pres. by Workday,2023-06-03,3,255.0,78.1,0.008,11.5,26,Muirfield Village Golf Club,"Dublin, OH",Sam Burns,72,7571,73,288
2023 The Memorial Tournament pres. by Workday,2023-06-04,4,255.0,73.2,0.0,11.7,24,Muirfield Village Golf Club,"Dublin, OH",Sam Burns,72,7571,73,288
2023 The Memorial Tournament pres. by Workday,2023-06-01,1,255.0,74.5,0.0,8.0,84,Muirfield Village Golf Club,"Dublin, OH",Jon Rahm,72,7571,70,288
2023 The Memorial Tournament pres. by Workday,2023-06-02,2,255.0,74.8,0.0,12.8,33,Muirfield Village Golf Club,"Dublin, OH",Jon Rahm,72,7571,70,288
2023 The Memorial Tournament pres. by Workday,2023-06-03,3,255.0,78.1,0.008,11.5,26,Muirfield Village Golf Club,"Dublin, OH",Jon Rahm,72,7571,74,288
2023 The Memorial Tournament pres. by Workday,2023-06-04,4,255.0,73.2,0.0,11.7,24,Muirfield Village Golf Club,"Dublin, OH",Jon Rahm,72,7571,74,288
2023 The Memorial Tournament pres. by Workday,2023-06-01,1,255.0,74.5,0.0,8.0,84,Muirfield Village Golf Club,"Dublin, OH",Russell Henley,72,7571,74,288
2023 The Memorial Tournament pres. by Workday,2023-06-02,2,255.0,74.8,0.0,12.8,33,Muirfield Village Golf Club,"Dublin, OH",Russell Henley,72,7571,71,288
2023 The Memorial Tournament pres. by Workday,2023-06-03,3,255.0,78.1,0.008,11.5,26,Muirfield Village Golf Club,"Dublin, OH",Russell Henley,72,7571,68,288
2023 The Memorial Tournament pres. by Workday,2023-06-04,4,255.0,73.2,0.0,11.7,24,Muirfield Village Golf Club,"Dublin, OH",Russell Henley,72,7571,75,288
2023 The Memorial Tournament pres. by Workday,2023-06-01,1,255.0,74.5,0.0,8.0,84,Muirfield Village Golf Club,"Dublin, OH",Joseph Bramlett,72,7571,73,288
2023 The Memorial Tournament pres. by Workday,2023-06-02,2,255.0,74.8,0.0,12.8,33,Muirfield Village Golf Club,"Dublin, OH",Joseph Bramlett,72,7571,70,288
2023 The Memorial Tournament pres. by Workday,2023-06-03,3,255.0,78.1,0.008,11.5,26,Muirfield Village Golf Club,"Dublin, OH",Joseph Bramlett,72,7571,70,288
2023 The Memorial Tournament pres. by Workday,2023-06-04,4,255.0,73.2,0.0,11.7,24,Muirfield Village Golf Club,"Dublin, OH",Joseph Bramlett,72,7571,75,288
2023 The Memorial Tournament pres. by Workday,2023-06-01,1,255.0,74.5,0.0,8.0,84,Muirfield Village Golf Club,"Dublin, OH",Sepp Straka,72,7571,71,288
2023 The Memorial Tournament pres. by Workday,2023-06-02,2,255.0,74.8,0.0,12.8,33,Muirfield Village Golf Club,"Dublin, OH",Sepp Straka,72,7571,69,288
2023 The Memorial Tournament pres. by Workday,2023-06-03,3,255.0,78.1,0.008,11.5,26,Muirfield Village Golf Club,"Dublin, OH",Sepp Straka,72,7571,73,288
2023 The Memorial Tournament pres. by Workday,2023-06-04,4,255.0,73.2,0.0,11.7,24,Muirfield Village Golf Club,"Dublin, OH",Sepp Straka,72,7571,75,288
2023 The Memorial Tournament pres. by Workday,2023-06-01,1,255.0,74.5,0.0,8.0,84,Muirfield Village Golf Club,"Dublin, OH",Hideki Matsuyama,72,7571,72,288
2023 The Memorial Tournament pres. by Workday,2023-06-02,2,255.0,74.8,0.0,12.8,33,Muirfield Village Golf Club,"Dublin, OH",Hideki Matsuyama,72,7571,65,288
2023 The Memorial Tournament pres. by Workday,2023-06-03,3,255.0,78.1,0.008,11.5,26,Muirfield Village Golf Club,"Dublin, OH",Hideki Matsuyama,72,7571,75,288
2023 The Memorial Tournament pres. by Workday,2023-06-04,4,255.0,73.2,0.0,11.7,24,Muirfield Village Golf Club,"Dublin, OH",Hideki Matsuyama,72,7571,76,288
2023 The Memorial Tournament pres. by Workday,2023-06-01,1,255.0,74.5,0.0,8.0,84,Muirfield Village Golf Club,"Dublin, OH",Beau Hossler,72,7571,72,289
2023 The Memorial Tournament pres. by Workday,2023-06-02,2,255.0,74.8,0.0,12.8,33,Muirfield Village Golf Club,"Dublin, OH",Beau Hossler,72,7571,71,289
2023 The Memorial Tournament pres. by Workday,2023-06-03,3,255.0,78.1,0.008,11.5,26,Muirfield Village Golf Club,"Dublin, OH",Beau Hossler,72,7571,74,289
2023 The Memorial Tournament pres. by Workday,2023-06-04,4,255.0,73.2,0.0,11.7,24,Muirfield Village Golf Club,"Dublin, OH",Beau Hossler,72,7571,72,289
2023 The Memorial Tournament pres. by Workday,2023-06-01,1,255.0,74.5,0.0,8.0,84,Muirfield Village Golf Club,"Dublin, OH",Byeong Hun An,72,7571,72,289
2023 The Memorial Tournament pres. by Workday,2023-06-02,2,255.0,74.8,0.0,12.8,33,Muirfield Village Golf Club,"Dublin, OH",Byeong Hun An,72,7571,71,289
2023 The Memorial Tournament pres. by Workday,2023-06-03,3,255.0,78.1,0.008,11.5,26,Muirfield Village Golf Club,"Dublin, OH",Byeong Hun An,72,7571,74,289
2023 The Memorial Tournament pres. by Workday,2023-06-04,4,255.0,73.2,0.0,11.7,24,Muirfield Village Golf Club,"Dublin, OH",Byeong Hun An,72,7571,72,289
2023 The Memorial Tournament pres. by Workday,2023-06-01,1,255.0,74.5,0.0,8.0,84,Muirfield Village Golf Club,"Dublin, OH",Eric Cole,72,7571,75,289
2023 The Memorial Tournament pres. by Workday,2023-06-02,2,255.0,74.8,0.0,12.8,33,Muirfield Village Golf Club,"Dublin, OH",Eric Cole,72,7571,70,289
2023 The Memorial Tournament pres. by Workday,2023-06-03,3,255.0,78.1,0.008,11.5,26,Muirfield Village Golf Club,"Dublin, OH",Eric Cole,72,7571,70,289
2023 The Memorial Tournament pres. by Workday,2023-06-04,4,255.0,73.2,0.0,11.7,24,Muirfield Village Golf Club,"Dublin, OH",Eric Cole,72,7571,74,289
2023 The Memorial Tournament pres. by Workday,2023-06-01,1,255.0,74.5,0.0,8.0,84,Muirfield Village Golf Club,"Dublin, OH",Xander Schauffele,72,7571,77,289
2023 The Memorial Tournament pres. by Workday,2023-06-02,2,255.0,74.8,0.0,12.8,33,Muirfield Village Golf Club,"Dublin, OH",Xander Schauffele,72,7571,66,289
2023 The Memorial Tournament pres. by Workday,2023-06-03,3,255.0,78.1,0.008,11.5,26,Muirfield Village Golf Club,"Dublin, OH",Xander Schauffele,72,7571,72,289
2023 The Memorial Tournament pres. by Workday,2023-06-04,4,255.0,73.2,0.0,11.7,24,Muirfield Village Golf Club,"Dublin, OH",Xander Schauffele,72,7571,74,289
2023 The Memorial Tournament pres. by Workday,2023-06-01,1,255.0,74.5,0.0,8.0,84,Muirfield Village Golf Club,"Dublin, OH",Gary Woodland,72,7571,75,289
2023 The Memorial Tournament pres. by Workday,2023-06-02,2,255.0,74.8,0.0,12.8,33,Muirfield Village Golf Club,"Dublin, OH",Gary Woodland,72,7571,68,289
2023 The Memorial Tournament pres. by Workday,2023-06-03,3,255.0,78.1,0.008,11.5,26,Muirfield Village Golf Club,"Dublin, OH",Gary Woodland,72,7571,71,289
2023 The Memorial Tournament pres. by Workday,2023-06-04,4,255.0,73.2,0.0,11.7,24,Muirfield Village Golf Club,"Dublin, OH",Gary Woodland,72,7571,75,289
2023 The Memorial Tournament pres. by Workday,2023-06-01,1,255.0,74.5,0.0,8.0,84,Muirfield Village Golf Club,"Dublin, OH",Stephan Jaeger,72,7571,72,289
2023 The Memorial Tournament pres. by Workday,2023-06-02,2,255.0,74.8,0.0,12.8,33,Muirfield Village Golf Club,"Dublin, OH",Stephan Jaeger,72,7571,70,289
2023 The Memorial Tournament pres. by Workday,2023-06-03,3,255.0,78.1,0.008,11.5,26,Muirfield Village Golf Club,"Dublin, OH",Stephan Jaeger,72,7571,71,289
2023 The Memorial Tournament pres. by Workday,2023-06-04,4,255.0,73.2,0.0,11.7,24,Muirfield Village Golf Club,"Dublin, OH",Stephan Jaeger,72,7571,76,289
2023 The Memorial Tournament pres. by Workday,2023-06-01,1,255.0,74.5,0.0,8.0,84,Muirfield Village Golf Club,"Dublin, OH",Ryan Fox,72,7571,77,290
2023 The Memorial Tournament pres. by Workday,2023-06-02,2,255.0,74.8,0.0,12.8,33,Muirfield Village Golf Club,"Dublin, OH",Ryan Fox,72,7571,70,290
2023 The Memorial Tournament pres. by Workday,2023-06-03,3,255.0,78.1,0.008,11.5,26,Muirfield Village Golf Club,"Dublin, OH",Ryan Fox,72,7571,73,290
2023 The Memorial Tournament pres. by Workday,2023-06-04,4,255.0,73.2,0.0,11.7,24,Muirfield Village Golf Club,"Dublin, OH",Ryan Fox,72,7571,70,290
2023 The Memorial Tournament pres. by Workday,2023-06-01,1,255.0,74.5,0.0,8.0,84,Muirfield Village Golf Club,"Dublin, OH",Garrick Higgo,72,7571,71,290
2023 The Memorial Tournament pres. by Workday,2023-06-02,2,255.0,74.8,0.0,12.8,33,Muirfield Village Golf Club,"Dublin, OH",Garrick Higgo,72,7571,73,290
2023 The Memorial Tournament pres. by Workday,2023-06-03,3,255.0,78.1,0.008,11.5,26,Muirfield Village Golf Club,"Dublin, OH",Garrick Higgo,72,7571,71,290
2023 The Memorial Tournament pres. by Workday,2023-06-04,4,255.0,73.2,0.0,11.7,24,Muirfield Village Golf Club,"Dublin, OH",Garrick Higgo,72,7571,75,290
2023 The Memorial Tournament pres. by Workday,2023-06-01,1,255.0,74.5,0.0,8.0,84,Muirfield Village Golf Club,"Dublin, OH",J.J. Spaun,72,7571,72,290
2023 The Memorial Tournament pres. by Workday,2023-06-02,2,255.0,74.8,0.0,12.8,33,Muirfield Village Golf Club,"Dublin, OH",J.J. Spaun,72,7571,71,290
2023 The Memorial Tournament pres. by Workday,2023-06-03,3,255.0,78.1,0.008,11.5,26,Muirfield Village Golf Club,"Dublin, OH",J.J. Spaun,72,7571,70,290
2023 The Memorial Tournament pres. by Workday,2023-06-04,4,255.0,73.2,0.0,11.7,24,Muirfield Village Golf Club,"Dublin, OH",J.J. Spaun,72,7571,77,290
2023 The Memorial Tournament pres. by Workday,2023-06-01,1,255.0,74.5,0.0,8.0,84,Muirfield Village Golf Club,"Dublin, OH",Austin Eckroat,72,7571,69,290
2023 The Memorial Tournament pres. by Workday,2023-06-02,2,255.0,74.8,0.0,12.8,33,Muirfield Village Golf Club,"Dublin, OH",Austin Eckroat,72,7571,72,290
2023 The Memorial Tournament pres. by Workday,2023-06-03,3,255.0,78.1,0.008,11.5,26,Muirfield Village Golf Club,"Dublin, OH",Austin Eckroat,72,7571,72,290
2023 The Memorial Tournament pres. by Workday,2023-06-04,4,255.0,73.2,0.0,11.7,24,Muirfield Village Golf Club,"Dublin, OH",Austin Eckroat,72,7571,77,290
2023 The Memorial Tournament pres. by Workday,2023-06-01,1,255.0,74.5,0.0,8.0,84,Muirfield Village Golf Club,"Dublin, OH",Keegan Bradley,72,7571,74,290
2023 The Memorial Tournament pres. by Workday,2023-06-02,2,255.0,74.8,0.0,12.8,33,Muirfield Village Golf Club,"Dublin, OH",Keegan Bradley,72,7571,73,290
2023 The Memorial Tournament pres. by Workday,2023-06-03,3,255.0,78.1,0.008,11.5,26,Muirfield Village Golf Club,"Dublin, OH",Keegan Bradley,72,7571,65,290
2023 The Memorial Tournament pres. by Workday,2023-06-04,4,255.0,73.2,0.0,11.7,24,Muirfield Village Golf Club,"Dublin, OH",Keegan Bradley,72,7571,78,290
2023 The Memorial Tournament pres. by Workday,2023-06-01,1,255.0,74.5,0.0,8.0,84,Muirfield Village Golf Club,"Dublin, OH",Patrick Rodgers,72,7571,70,290
2023 The Memorial Tournament pres. by Workday,2023-06-02,2,255.0,74.8,0.0,12.8,33,Muirfield Village Golf Club,"Dublin, OH",Patrick Rodgers,72,7571,70,290
2023 The Memorial Tournament pres. by Workday,2023-06-03,3,255.0,78.1,0.008,11.5,26,Muirfield Village Golf Club,"Dublin, OH",Patrick Rodgers,72,7571,72,290
2023 The Memorial Tournament pres. by Workday,2023-06-04,4,255.0,73.2,0.0,11.7,24,Muirfield Village Golf Club,"Dublin, OH",Patrick Rodgers,72,7571,78,290
2023 The Memorial Tournament pres. by Workday,2023-06-01,1,255.0,74.5,0.0,8.0,84,Muirfield Village Golf Club,"Dublin, OH",Patrick Cantlay,72,7571,71,290
2023 The Memorial Tournament pres. by Workday,2023-06-02,2,255.0,74.8,0.0,12.8,33,Muirfield Village Golf Club,"Dublin, OH",Patrick Cantlay,72,7571,67,290
2023 The Memorial Tournament pres. by Workday,2023-06-03,3,255.0,78.1,0.008,11.5,26,Muirfield Village Golf Club,"Dublin, OH",Patrick Cantlay,72,7571,74,290
2023 The Memorial Tournament pres. by Workday,2023-06-04,4,255.0,73.2,0.0,11.7,24,Muirfield Village Golf Club,"Dublin, OH",Patrick Cantlay,72,7571,78,290
2023 The Memorial Tournament pres. by Workday,2023-06-01,1,255.0,74.5,0.0,8.0,84,Muirfield Village Golf Club,"Dublin, OH",Mark Hubbard,72,7571,69,290
2023 The Memorial Tournament pres. by Workday,2023-06-02,2,255.0,74.8,0.0,12.8,33,Muirfield Village Golf Club,"Dublin, OH",Mark Hubbard,72,7571,70,290
2023 The Memorial Tournament pres. by Workday,2023-06-03,3,255.0,78.1,0.008,11.5,26,Muirfield Village Golf Club,"Dublin, OH",Mark Hubbard,72,7571,72,290
2023 The Memorial Tournament pres. by Workday,2023-06-04,4,255.0,73.2,0.0,11.7,24,Muirfield Village Golf Club,"Dublin, OH",Mark Hubbard,72,7571,79,290
2023 The Memorial Tournament pres. by Workday,2023-06-01,1,255.0,74.5,0.0,8.0,84,Muirfield Village Golf Club,"Dublin, OH",J.T. Poston,72,7571,76,291
2023 The Memorial Tournament pres. by Workday,2023-06-02,2,255.0,74.8,0.0,12.8,33,Muirfield Village Golf Club,"Dublin, OH",J.T. Poston,72,7571,70,291
2023 The Memorial Tournament pres. by Workday,2023-06-03,3,255.0,78.1,0.008,11.5,26,Muirfield Village Golf Club,"Dublin, OH",J.T. Poston,72,7571,72,291
2023 The Memorial Tournament pres. by Workday,2023-06-04,4,255.0,73.2,0.0,11.7,24,Muirfield Village Golf Club,"Dublin, OH",J.T. Poston,72,7571,73,291
2023 The Memorial Tournament pres. by Workday,2023-06-01,1,255.0,74.5,0.0,8.0,84,Muirfield Village Golf Club,"Dublin, OH",Luke Donald,72,7571,72,291
2023 The Memorial Tournament pres. by Workday,2023-06-02,2,255.0,74.8,0.0,12.8,33,Muirfield Village Golf Club,"Dublin, OH",Luke Donald,72,7571,69,291
2023 The Memorial Tournament pres. by Workday,2023-06-03,3,255.0,78.1,0.008,11.5,26,Muirfield Village Golf Club,"Dublin, OH",Luke Donald,72,7571,74,291
2023 The Memorial Tournament pres. by Workday,2023-06-04,4,255.0,73.2,0.0,11.7,24,Muirfield Village Golf Club,"Dublin, OH",Luke Donald,72,7571,76,291
2023 The Memorial Tournament pres. by Workday,2023-06-01,1,255.0,74.5,0.0,8.0,84,Muirfield Village Golf Club,"Dublin, OH",Christiaan Bezuidenhout,72,7571,73,291
2023 The Memorial Tournament pres. by Workday,2023-06-02,2,255.0,74.8,0.0,12.8,33,Muirfield Village Golf Club,"Dublin, OH",Christiaan Bezuidenhout,72,7571,70,291
2023 The Memorial Tournament pres. by Workday,2023-06-03,3,255.0,78.1,0.008,11.5,26,Muirfield Village Golf Club,"Dublin, OH",Christiaan Bezuidenhout,72,7571,71,291
2023 The Memorial Tournament pres. by Workday,2023-06-04,4,255.0,73.2,0.0,11.7,24,Muirfield Village Golf Club,"Dublin, OH",Christiaan Bezuidenhout,72,7571,77,291
2023 The Memorial Tournament pres. by Workday,2023-06-01,1,255.0,74.5,0.0,8.0,84,Muirfield Village Golf Club,"Dublin, OH",Taylor Montgomery,72,7571,71,292
2023 The Memorial Tournament pres. by Workday,2023-06-02,2,255.0,74.8,0.0,12.8,33,Muirfield Village Golf Club,"Dublin, OH",Taylor Montgomery,72,7571,73,292
2023 The Memorial Tournament pres. by Workday,2023-06-03,3,255.0,78.1,0.008,11.5,26,Muirfield Village Golf Club,"Dublin, OH",Taylor Montgomery,72,7571,76,292
2023 The Memorial Tournament pres. by Workday,2023-06-04,4,255.0,73.2,0.0,11.7,24,Muirfield Village Golf Club,"Dublin, OH",Taylor Montgomery,72,7571,72,292
2023 The Memorial Tournament pres. by Workday,2023-06-01,1,255.0,74.5,0.0,8.0,84,Muirfield Village Golf Club,"Dublin, OH",Brandt Snedeker,72,7571,73,292
2023 The Memorial Tournament pres. by Workday,2023-06-02,2,255.0,74.8,0.0,12.8,33,Muirfield Village Golf Club,"Dublin, OH",Brandt Snedeker,72,7571,72,292
2023 The Memorial Tournament pres. by Workday,2023-06-03,3,255.0,78.1,0.008,11.5,26,Muirfield Village Golf Club,"Dublin, OH",Brandt Snedeker,72,7571,73,292
2023 The Memorial Tournament pres. by Workday,2023-06-04,4,255.0,73.2,0.0,11.7,24,Muirfield Village Golf Club,"Dublin, OH",Brandt Snedeker,72,7571,74,292
2023 The Memorial Tournament pres. by Workday,2023-06-01,1,255.0,74.5,0.0,8.0,84,Muirfield Village Golf Club,"Dublin, OH",Séamus Power,72,7571,70,292
2023 The Memorial Tournament pres. by Workday,2023-06-02,2,255.0,74.8,0.0,12.8,33,Muirfield Village Golf Club,"Dublin, OH",Séamus Power,72,7571,73,292
2023 The Memorial Tournament pres. by Workday,2023-06-03,3,255.0,78.1,0.008,11.5,26,Muirfield Village Golf Club,"Dublin, OH",Séamus Power,72,7571,75,292
2023 The Memorial Tournament pres. by Workday,2023-06-04,4,255.0,73.2,0.0,11.7,24,Muirfield Village Golf Club,"Dublin, OH",Séamus Power,72,7571,74,292
2023 The Memorial Tournament pres. by Workday,2023-06-01,1,255.0,74.5,0.0,8.0,84,Muirfield Village Golf Club,"Dublin, OH",S.H. Kim,72,7571,75,292
2023 The Memorial Tournament pres. by Workday,2023-06-02,2,255.0,74.8,0.0,12.8,33,Muirfield Village Golf Club,"Dublin, OH",S.H. Kim,72,7571,71,292
2023 The Memorial Tournament pres. by Workday,2023-06-03,3,255.0,78.1,0.008,11.5,26,Muirfield Village Golf Club,"Dublin, OH",S.H. Kim,72,7571,70,292
2023 The Memorial Tournament pres. by Workday,2023-06-04,4,255.0,73.2,0.0,11.7,24,Muirfield Village Golf Club,"Dublin, OH",S.H. Kim,72,7571,76,292
2023 The Memorial Tournament pres. by Workday,2023-06-01,1,255.0,74.5,0.0,8.0,84,Muirfield Village Golf Club,"Dublin, OH",Sam Stevens,72,7571,72,292
2023 The Memorial Tournament pres. by Workday,2023-06-02,2,255.0,74.8,0.0,12.8,33,Muirfield Village Golf Club,"Dublin, OH",Sam Stevens,72,7571,72,292
2023 The Memorial Tournament pres. by Workday,2023-06-03,3,255.0,78.1,0.008,11.5,26,Muirfield Village Golf Club,"Dublin, OH",Sam Stevens,72,7571,72,292
2023 The Memorial Tournament pres. by Workday,2023-06-04,4,255.0,73.2,0.0,11.7,24,Muirfield Village Golf Club,"Dublin, OH",Sam Stevens,72,7571,76,292
2023 The Memorial Tournament pres. by Workday,2023-06-01,1,255.0,74.5,0.0,8.0,84,Muirfield Village Golf Club,"Dublin, OH",Sungjae Im,72,7571,70,292
2023 The Memorial Tournament pres. by Workday,2023-06-02,2,255.0,74.8,0.0,12.8,33,Muirfield Village Golf Club,"Dublin, OH",Sungjae Im,72,7571,76,292
2023 The Memorial Tournament pres. by Workday,2023-06-03,3,255.0,78.1,0.008,11.5,26,Muirfield Village Golf Club,"Dublin, OH",Sungjae Im,72,7571,67,292
2023 The Memorial Tournament pres. by Workday,2023-06-04,4,255.0,73.2,0.0,11.7,24,Muirfield Village Golf Club,"Dublin, OH",Sungjae Im,72,7571,79,292
2023 The Memorial Tournament pres. by Workday,2023-06-01,1,255.0,74.5,0.0,8.0,84,Muirfield Village Golf Club,"Dublin, OH",Justin Suh,72,7571,70,292
2023 The Memorial Tournament pres. by Workday,2023-06-02,2,255.0,74.8,0.0,12.8,33,Muirfield Village Golf Club,"Dublin, OH",Justin Suh,72,7571,66,292
2023 The Memorial Tournament pres. by Workday,2023-06-03,3,255.0,78.1,0.008,11.5,26,Muirfield Village Golf Club,"Dublin, OH",Justin Suh,72,7571,77,292
2023 The Memorial Tournament pres. by Workday,2023-06-04,4,255.0,73.2,0.0,11.7,24,Muirfield Village Golf Club,"Dublin, OH",Justin Suh,72,7571,79,292
2023 The Memorial Tournament pres. by Workday,2023-06-01,1,255.0,74.5,0.0,8.0,84,Muirfield Village Golf Club,"Dublin, OH",Thomas Detry,72,7571,73,293
2023 The Memorial Tournament pres. by Workday,2023-06-02,2,255.0,74.8,0.0,12.8,33,Muirfield Village Golf Club,"Dublin, OH",Thomas Detry,72,7571,72,293
2023 The Memorial Tournament pres. by Workday,2023-06-03,3,255.0,78.1,0.008,11.5,26,Muirfield Village Golf Club,"Dublin, OH",Thomas Detry,72,7571,77,293
2023 The Memorial Tournament pres. by Workday,2023-06-04,4,255.0,73.2,0.0,11.7,24,Muirfield Village Golf Club,"Dublin, OH",Thomas Detry,72,7571,71,293
2023 The Memorial Tournament pres. by Workday,2023-06-01,1,255.0,74.5,0.0,8.0,84,Muirfield Village Golf Club,"Dublin, OH",Emiliano Grillo,72,7571,71,293
2023 The Memorial Tournament pres. by Workday,2023-06-02,2,255.0,74.8,0.0,12.8,33,Muirfield Village Golf Club,"Dublin, OH",Emiliano Grillo,72,7571,73,293
2023 The Memorial Tournament pres. by Workday,2023-06-03,3,255.0,78.1,0.008,11.5,26,Muirfield Village Golf Club,"Dublin, OH",Emiliano Grillo,72,7571,73,293
2023 The Memorial Tournament pres. by Workday,2023-06-04,4,255.0,73.2,0.0,11.7,24,Muirfield Village Golf Club,"Dublin, OH",Emiliano Grillo,72,7571,76,293
2023 The Memorial Tournament pres. by Workday,2023-06-01,1,255.0,74.5,0.0,8.0,84,Muirfield Village Golf Club,"Dublin, OH",Matt Wallace,72,7571,68,293
2023 The Memorial Tournament pres. by Workday,2023-06-02,2,255.0,74.8,0.0,12.8,33,Muirfield Village Golf Club,"Dublin, OH",Matt Wallace,72,7571,74,293
2023 The Memorial Tournament pres. by Workday,2023-06-03,3,255.0,78.1,0.008,11.5,26,Muirfield Village Golf Club,"Dublin, OH",Matt Wallace,72,7571,75,293
2023 The Memorial Tournament pres. by Workday,2023-06-04,4,255.0,73.2,0.0,11.7,24,Muirfield Village Golf Club,"Dublin, OH",Matt Wallace,72,7571,76,293
2023 The Memorial Tournament pres. by Workday,2023-06-01,1,255.0,74.5,0.0,8.0,84,Muirfield Village Golf Club,"Dublin, OH",Keith Mitchell,72,7571,71,293
2023 The Memorial Tournament pres. by Workday,2023-06-02,2,255.0,74.8,0.0,12.8,33,Muirfield Village Golf Club,"Dublin, OH",Keith Mitchell,72,7571,74,293
2023 The Memorial Tournament pres. by Workday,2023-06-03,3,255.0,78.1,0.008,11.5,26,Muirfield Village Golf Club,"Dublin, OH",Keith Mitchell,72,7571,69,293
2023 The Memorial Tournament pres. by Workday,2023-06-04,4,255.0,73.2,0.0,11.7,24,Muirfield Village Golf Club,"Dublin, OH",Keith Mitchell,72,7571,79,293
2023 The Memorial Tournament pres. by Workday,2023-06-01,1,255.0,74.5,0.0,8.0,84,Muirfield Village Golf Club,"Dublin, OH",Harris English,72,7571,71,294
2023 The Memorial Tournament pres. by Workday,2023-06-02,2,255.0,74.8,0.0,12.8,33,Muirfield Village Golf Club,"Dublin, OH",Harris English,72,7571,73,294
2023 The Memorial Tournament pres. by Workday,2023-06-03,3,255.0,78.1,0.008,11.5,26,Muirfield Village Golf Club,"Dublin, OH",Harris English,72,7571,76,294
2023 The Memorial Tournament pres. by Workday,2023-06-04,4,255.0,73.2,0.0,11.7,24,Muirfield Village Golf Club,"Dublin, OH",Harris English,72,7571,74,294
2023 The Memorial Tournament pres. by Workday,2023-06-01,1,255.0,74.5,0.0,8.0,84,Muirfield Village Golf Club,"Dublin, OH",Alex Noren,72,7571,72,294
2023 The Memorial Tournament pres. by Workday,2023-06-02,2,255.0,74.8,0.0,12.8,33,Muirfield Village Golf Club,"Dublin, OH",Alex Noren,72,7571,74,294
2023 The Memorial Tournament pres. by Workday,2023-06-03,3,255.0,78.1,0.008,11.5,26,Muirfield Village Golf Club,"Dublin, OH",Alex Noren,72,7571,71,294
2023 The Memorial Tournament pres. by Workday,2023-06-04,4,255.0,73.2,0.0,11.7,24,Muirfield Village Golf Club,"Dublin, OH",Alex Noren,72,7571,77,294
2023 The Memorial Tournament pres. by Workday,2023-06-01,1,255.0,74.5,0.0,8.0,84,Muirfield Village Golf Club,"Dublin, OH",Davis Riley,72,7571,67,295
2023 The Memorial Tournament pres. by Workday,2023-06-02,2,255.0,74.8,0.0,12.8,33,Muirfield Village Golf Club,"Dublin, OH",Davis Riley,72,7571,78,295
2023 The Memorial Tournament pres. by Workday,2023-06-03,3,255.0,78.1,0.008,11.5,26,Muirfield Village Golf Club,"Dublin, OH",Davis Riley,72,7571,78,295
2023 The Memorial Tournament pres. by Workday,2023-06-04,4,255.0,73.2,0.0,11.7,24,Muirfield Village Golf Club,"Dublin, OH",Davis Riley,72,7571,72,295
2023 The Memorial Tournament pres. by Workday,2023-06-01,1,255.0,74.5,0.0,8.0,84,Muirfield Village Golf Club,"Dublin, OH",Danny Willett,72,7571,69,295
2023 The Memorial Tournament pres. by Workday,2023-06-02,2,255.0,74.8,0.0,12.8,33,Muirfield Village Golf Club,"Dublin, OH",Danny Willett,72,7571,76,295
2023 The Memorial Tournament pres. by Workday,2023-06-03,3,255.0,78.1,0.008,11.5,26,Muirfield Village Golf Club,"Dublin, OH",Danny Willett,72,7571,69,295
2023 The Memorial Tournament pres. by Workday,2023-06-04,4,255.0,73.2,0.0,11.7,24,Muirfield Village Golf Club,"Dublin, OH",Danny Willett,72,7571,81,295
2023 The Memorial Tournament pres. by Workday,2023-06-01,1,255.0,74.5,0.0,8.0,84,Muirfield Village Golf Club,"Dublin, OH",Davis Thompson,72,7571,72,296
2023 The Memorial Tournament pres. by Workday,2023-06-02,2,255.0,74.8,0.0,12.8,33,Muirfield Village Golf Club,"Dublin, OH",Davis Thompson,72,7571,75,296
2023 The Memorial Tournament pres. by Workday,2023-06-03,3,255.0,78.1,0.008,11.5,26,Muirfield Village Golf Club,"Dublin, OH",Davis Thompson,72,7571,76,296
2023 The Memorial Tournament pres. by Workday,2023-06-04,4,255.0,73.2,0.0,11.7,24,Muirfield Village Golf Club,"Dublin, OH",Davis Thompson,72,7571,73,296
2023 The Memorial Tournament pres. by Workday,2023-06-01,1,255.0,74.5,0.0,8.0,84,Muirfield Village Golf Club,"Dublin, OH",Sam Ryder,72,7571,71,296
2023 The Memorial Tournament pres. by Workday,2023-06-02,2,255.0,74.8,0.0,12.8,33,Muirfield Village Golf Club,"Dublin, OH",Sam Ryder,72,7571,72,296
2023 The Memorial Tournament pres. by Workday,2023-06-03,3,255.0,78.1,0.008,11.5,26,Muirfield Village Golf Club,"Dublin, OH",Sam Ryder,72,7571,77,296
2023 The Memorial Tournament pres. by Workday,2023-06-04,4,255.0,73.2,0.0,11.7,24,Muirfield Village Golf Club,"Dublin, OH",Sam Ryder,72,7571,76,296
2023 The Memorial Tournament pres. by Workday,2023-06-01,1,255.0,74.5,0.0,8.0,84,Muirfield Village Golf Club,"Dublin, OH",Sahith Theegala,72,7571,76,297
2023 The Memorial Tournament pres. by Workday,2023-06-02,2,255.0,74.8,0.0,12.8,33,Muirfield Village Golf Club,"Dublin, OH",Sahith Theegala,72,7571,70,297
2023 The Memorial Tournament pres. by Workday,2023-06-03,3,255.0,78.1,0.008,11.5,26,Muirfield Village Golf Club,"Dublin, OH",Sahith Theegala,72,7571,75,297
2023 The Memorial Tournament pres. by Workday,2023-06-04,4,255.0,73.2,0.0,11.7,24,Muirfield Village Golf Club,"Dublin, OH",Sahith Theegala,72,7571,76,297
2023 The Memorial Tournament pres. by Workday,2023-06-01,1,255.0,74.5,0.0,8.0,84,Muirfield Village Golf Club,"Dublin, OH",Chez Reavie,72,7571,72,297
2023 The Memorial Tournament pres. by Workday,2023-06-02,2,255.0,74.8,0.0,12.8,33,Muirfield Village Golf Club,"Dublin, OH",Chez Reavie,72,7571,72,297
2023 The Memorial Tournament pres. by Workday,2023-06-03,3,255.0,78.1,0.008,11.5,26,Muirfield Village Golf Club,"Dublin, OH",Chez Reavie,72,7571,76,297
2023 The Memorial Tournament pres. by Workday,2023-06-04,4,255.0,73.2,0.0,11.7,24,Muirfield Village Golf Club,"Dublin, OH",Chez Reavie,72,7571,77,297
2023 The Memorial Tournament pres. by Workday,2023-06-01,1,255.0,74.5,0.0,8.0,84,Muirfield Village Golf Club,"Dublin, OH",Taylor Pendrith,72,7571,77,298
2023 The Memorial Tournament pres. by Workday,2023-06-02,2,255.0,74.8,0.0,12.8,33,Muirfield Village Golf Club,"Dublin, OH",Taylor Pendrith,72,7571,69,298
2023 The Memorial Tournament pres. by Workday,2023-06-03,3,255.0,78.1,0.008,11.5,26,Muirfield Village Golf Club,"Dublin, OH",Taylor Pendrith,72,7571,76,298
2023 The Memorial Tournament pres. by Workday,2023-06-04,4,255.0,73.2,0.0,11.7,24,Muirfield Village Golf Club,"Dublin, OH",Taylor Pendrith,72,7571,76,298
2023 The Memorial Tournament pres. by Workday,2023-06-01,1,255.0,74.5,0.0,8.0,84,Muirfield Village Golf Club,"Dublin, OH",Stewart Cink,72,7571,73,298
2023 The Memorial Tournament pres. by Workday,2023-06-02,2,255.0,74.8,0.0,12.8,33,Muirfield Village Golf Club,"Dublin, OH",Stewart Cink,72,7571,71,298
2023 The Memorial Tournament pres. by Workday,2023-06-03,3,255.0,78.1,0.008,11.5,26,Muirfield Village Golf Club,"Dublin, OH",Stewart Cink,72,7571,78,298
2023 The Memorial Tournament pres. by Workday,2023-06-04,4,255.0,73.2,0.0,11.7,24,Muirfield Village Golf Club,"Dublin, OH",Stewart Cink,72,7571,76,298
2023 The Memorial Tournament pres. by Workday,2023-06-01,1,255.0,74.5,0.0,8.0,84,Muirfield Village Golf Club,"Dublin, OH",Matt Kuchar,72,7571,79,299
2023 The Memorial Tournament pres. by Workday,2023-06-02,2,255.0,74.8,0.0,12.8,33,Muirfield Village Golf Club,"Dublin, OH",Matt Kuchar,72,7571,67,299
2023 The Memorial Tournament pres. by Workday,2023-06-03,3,255.0,78.1,0.008,11.5,26,Muirfield Village Golf Club,"Dublin, OH",Matt Kuchar,72,7571,69,299
2023 The Memorial Tournament pres. by Workday,2023-06-04,4,255.0,73.2,0.0,11.7,24,Muirfield Village Golf Club,"Dublin, OH",Matt Kuchar,72,7571,84,299
2023 The Memorial Tournament pres. by Workday,2023-06-01,1,255.0,74.5,0.0,8.0,84,Muirfield Village Golf Club,"Dublin, OH",Sam Bennett,72,7571,71,300
2023 The Memorial Tournament pres. by Workday,2023-06-02,2,255.0,74.8,0.0,12.8,33,Muirfield Village Golf Club,"Dublin, OH",Sam Bennett,72,7571,73,300
2023 The Memorial Tournament pres. by Workday,2023-06-03,3,255.0,78.1,0.008,11.5,26,Muirfield Village Golf Club,"Dublin, OH",Sam Bennett,72,7571,72,300
2023 The Memorial Tournament pres. by Workday,2023-06-04,4,255.0,73.2,0.0,11.7,24,Muirfield Village Golf Club,"Dublin, OH",Sam Bennett,72,7571,84,300
2023 The Memorial Tournament pres. by Workday,2023-06-01,1,255.0,74.5,0.0,8.0,84,Muirfield Village Golf Club,"Dublin, OH",Lanto Griffin,72,7571,73,301
2023 The Memorial Tournament pres. by Workday,2023-06-02,2,255.0,74.8,0.0,12.8,33,Muirfield Village Golf Club,"Dublin, OH",Lanto Griffin,72,7571,74,301
2023 The Memorial Tournament pres. by Workday,2023-06-03,3,255.0,78.1,0.008,11.5,26,Muirfield Village Golf Club,"Dublin, OH",Lanto Griffin,72,7571,78,301
2023 The Memorial Tournament pres. by Workday,2023-06-04,4,255.0,73.2,0.0,11.7,24,Muirfield Village Golf Club,"Dublin, OH",Lanto Griffin,72,7571,76,301
2023 The Memorial Tournament pres. by Workday,2023-06-01,1,255.0,74.5,0.0,8.0,84,Muirfield Village Golf Club,"Dublin, OH",Tom Hoge,72,7571,74,305
2023 The Memorial Tournament pres. by Workday,2023-06-02,2,255.0,74.8,0.0,12.8,33,Muirfield Village Golf Club,"Dublin, OH",Tom Hoge,72,7571,69,305
2023 The Memorial Tournament pres. by Workday,2023-06-03,3,255.0,78.1,0.008,11.5,26,Muirfield Village Golf Club,"Dublin, OH",Tom Hoge,72,7571,77,305
2023 The Memorial Tournament pres. by Workday,2023-06-04,4,255.0,73.2,0.0,11.7,24,Muirfield Village Golf Club,"Dublin, OH",Tom Hoge,72,7571,85,305
2023 The Memorial Tournament pres. by Workday,2023-06-01,1,255.0,74.5,0.0,8.0,84,Muirfield Village Golf Club,"Dublin, OH",Jason Day,72,7571,76,148
2023 The Memorial Tournament pres. by Workday,2023-06-02,2,255.0,74.8,0.0,12.8,33,Muirfield Village Golf Club,"Dublin, OH",Jason Day,72,7571,72,148
2023 The Memorial Tournament pres. by Workday,2023-06-01,1,255.0,74.5,0.0,8.0,84,Muirfield Village Golf Club,"Dublin, OH",Joel Dahmen,72,7571,76,148
2023 The Memorial Tournament pres. by Workday,2023-06-02,2,255.0,74.8,0.0,12.8,33,Muirfield Village Golf Club,"Dublin, OH",Joel Dahmen,72,7571,72,148
2023 The Memorial Tournament pres. by Workday,2023-06-01,1,255.0,74.5,0.0,8.0,84,Muirfield Village Golf Club,"Dublin, OH",Mackenzie Hughes,72,7571,75,148
2023 The Memorial Tournament pres. by Workday,2023-06-02,2,255.0,74.8,0.0,12.8,33,Muirfield Village Golf Club,"Dublin, OH",Mackenzie Hughes,72,7571,73,148
2023 The Memorial Tournament pres. by Workday,2023-06-01,1,255.0,74.5,0.0,8.0,84,Muirfield Village Golf Club,"Dublin, OH",Trey Mullinax,72,7571,74,148
2023 The Memorial Tournament pres. by Workday,2023-06-02,2,255.0,74.8,0.0,12.8,33,Muirfield Village Golf Club,"Dublin, OH",Trey Mullinax,72,7571,74,148
2023 The Memorial Tournament pres. by Workday,2023-06-01,1,255.0,74.5,0.0,8.0,84,Muirfield Village Golf Club,"Dublin, OH",Chris Kirk,72,7571,74,148
2023 The Memorial Tournament pres. by Workday,2023-06-02,2,255.0,74.8,0.0,12.8,33,Muirfield Village Golf Club,"Dublin, OH",Chris Kirk,72,7571,74,148
2023 The Memorial Tournament pres. by Workday,2023-06-01,1,255.0,74.5,0.0,8.0,84,Muirfield Village Golf Club,"Dublin, OH",Zach Johnson,72,7571,73,148
2023 The Memorial Tournament pres. by Workday,2023-06-02,2,255.0,74.8,0.0,12.8,33,Muirfield Village Golf Club,"Dublin, OH",Zach Johnson,72,7571,75,148
2023 The Memorial Tournament pres. by Workday,2023-06-01,1,255.0,74.5,0.0,8.0,84,Muirfield Village Golf Club,"Dublin, OH",Ben Griffin,72,7571,72,148
2023 The Memorial Tournament pres. by Workday,2023-06-02,2,255.0,74.8,0.0,12.8,33,Muirfield Village Golf Club,"Dublin, OH",Ben Griffin,72,7571,76,148
2023 The Memorial Tournament pres. by Workday,2023-06-01,1,255.0,74.5,0.0,8.0,84,Muirfield Village Golf Club,"Dublin, OH",Kazuki Higa,72,7571,72,148
2023 The Memorial Tournament pres. by Workday,2023-06-02,2,255.0,74.8,0.0,12.8,33,Muirfield Village Golf Club,"Dublin, OH",Kazuki Higa,72,7571,76,148
2023 The Memorial Tournament pres. by Workday,2023-06-01,1,255.0,74.5,0.0,8.0,84,Muirfield Village Golf Club,"Dublin, OH",Adam Hadwin,72,7571,69,148
2023 The Memorial Tournament pres. by Workday,2023-06-02,2,255.0,74.8,0.0,12.8,33,Muirfield Village Golf Club,"Dublin, OH",Adam Hadwin,72,7571,79,148
2023 The Memorial Tournament pres. by Workday,2023-06-01,1,255.0,74.5,0.0,8.0,84,Muirfield Village Golf Club,"Dublin, OH",Kevin Streelman,72,7571,79,149
2023 The Memorial Tournament pres. by Workday,2023-06-02,2,255.0,74.8,0.0,12.8,33,Muirfield Village Golf Club,"Dublin, OH",Kevin Streelman,72,7571,70,149
2023 The Memorial Tournament pres. by Workday,2023-06-01,1,255.0,74.5,0.0,8.0,84,Muirfield Village Golf Club,"Dublin, OH",Will Gordon,72,7571,78,149
2023 The Memorial Tournament pres. by Workday,2023-06-02,2,255.0,74.8,0.0,12.8,33,Muirfield Village Golf Club,"Dublin, OH",Will Gordon,72,7571,71,149
2023 The Memorial Tournament pres. by Workday,2023-06-01,1,255.0,74.5,0.0,8.0,84,Muirfield Village Golf Club,"Dublin, OH",Cameron Young,72,7571,74,149
2023 The Memorial Tournament pres. by Workday,2023-06-02,2,255.0,74.8,0.0,12.8,33,Muirfield Village Golf Club,"Dublin, OH",Cameron Young,72,7571,75,149
2023 The Memorial Tournament pres. by Workday,2023-06-01,1,255.0,74.5,0.0,8.0,84,Muirfield Village Golf Club,"Dublin, OH",Nick Hardy,72,7571,74,149
2023 The Memorial Tournament pres. by Workday,2023-06-02,2,255.0,74.8,0.0,12.8,33,Muirfield Village Golf Club,"Dublin, OH",Nick Hardy,72,7571,75,149
2023 The Memorial Tournament pres. by Workday,2023-06-01,1,255.0,74.5,0.0,8.0,84,Muirfield Village Golf Club,"Dublin, OH",Matt NeSmith,72,7571,73,149
2023 The Memorial Tournament pres. by Workday,2023-06-02,2,255.0,74.8,0.0,12.8,33,Muirfield Village Golf Club,"Dublin, OH",Matt NeSmith,72,7571,76,149
2023 The Memorial Tournament pres. by Workday,2023-06-01,1,255.0,74.5,0.0,8.0,84,Muirfield Village Golf Club,"Dublin, OH",Nico Echavarria,72,7571,78,150
2023 The Memorial Tournament pres. by Workday,2023-06-02,2,255.0,74.8,0.0,12.8,33,Muirfield Village Golf Club,"Dublin, OH",Nico Echavarria,72,7571,72,150
2023 The Memorial Tournament pres. by Workday,2023-06-01,1,255.0,74.5,0.0,8.0,84,Muirfield Village Golf Club,"Dublin, OH",Chris Gotterup,72,7571,77,150
2023 The Memorial Tournament pres. by Workday,2023-06-02,2,255.0,74.8,0.0,12.8,33,Muirfield Village Golf Club,"Dublin, OH",Chris Gotterup,72,7571,73,150
2023 The Memorial Tournament pres. by Workday,2023-06-01,1,255.0,74.5,0.0,8.0,84,Muirfield Village Golf Club,"Dublin, OH",MJ Daffue,72,7571,77,150
2023 The Memorial Tournament pres. by Workday,2023-06-02,2,255.0,74.8,0.0,12.8,33,Muirfield Village Golf Club,"Dublin, OH",MJ Daffue,72,7571,73,150
2023 The Memorial Tournament pres. by Workday,2023-06-01,1,255.0,74.5,0.0,8.0,84,Muirfield Village Golf Club,"Dublin, OH",Lucas Herbert,72,7571,76,150
2023 The Memorial Tournament pres. by Workday,2023-06-02,2,255.0,74.8,0.0,12.8,33,Muirfield Village Golf Club,"Dublin, OH",Lucas Herbert,72,7571,74,150
2023 The Memorial Tournament pres. by Workday,2023-06-01,1,255.0,74.5,0.0,8.0,84,Muirfield Village Golf Club,"Dublin, OH",Scott Stallings,72,7571,76,150
2023 The Memorial Tournament pres. by Workday,2023-06-02,2,255.0,74.8,0.0,12.8,33,Muirfield Village Golf Club,"Dublin, OH",Scott Stallings,72,7571,74,150
2023 The Memorial Tournament pres. by Workday,2023-06-01,1,255.0,74.5,0.0,8.0,84,Muirfield Village Golf Club,"Dublin, OH",Robby Shelton,72,7571,75,150
2023 The Memorial Tournament pres. by Workday,2023-06-02,2,255.0,74.8,0.0,12.8,33,Muirfield Village Golf Club,"Dublin, OH",Robby Shelton,72,7571,75,150
2023 The Memorial Tournament pres. by Workday,2023-06-01,1,255.0,74.5,0.0,8.0,84,Muirfield Village Golf Club,"Dublin, OH",Justin Thomas,72,7571,75,150
2023 The Memorial Tournament pres. by Workday,2023-06-02,2,255.0,74.8,0.0,12.8,33,Muirfield Village Golf Club,"Dublin, OH",Justin Thomas,72,7571,75,150
2023 The Memorial Tournament pres. by Workday,2023-06-01,1,255.0,74.5,0.0,8.0,84,Muirfield Village Golf Club,"Dublin, OH",Aldrich Potgieter,72,7571,74,150
2023 The Memorial Tournament pres. by Workday,2023-06-02,2,255.0,74.8,0.0,12.8,33,Muirfield Village Golf Club,"Dublin, OH",Aldrich Potgieter,72,7571,76,150
2023 The Memorial Tournament pres. by Workday,2023-06-01,1,255.0,74.5,0.0,8.0,84,Muirfield Village Golf Club,"Dublin, OH",David Lingmerth,72,7571,78,151
2023 The Memorial Tournament pres. by Workday,2023-06-02,2,255.0,74.8,0.0,12.8,33,Muirfield Village Golf Club,"Dublin, OH",David Lingmerth,72,7571,73,151
2023 The Memorial Tournament pres. by Workday,2023-06-01,1,255.0,74.5,0.0,8.0,84,Muirfield Village Golf Club,"Dublin, OH",Brian Harman,72,7571,77,151
2023 The Memorial Tournament pres. by Workday,2023-06-02,2,255.0,74.8,0.0,12.8,33,Muirfield Village Golf Club,"Dublin, OH",Brian Harman,72,7571,74,151
2023 The Memorial Tournament pres. by Workday,2023-06-01,1,255.0,74.5,0.0,8.0,84,Muirfield Village Golf Club,"Dublin, OH",William McGirt,72,7571,77,151
2023 The Memorial Tournament pres. by Workday,2023-06-02,2,255.0,74.8,0.0,12.8,33,Muirfield Village Golf Club,"Dublin, OH",William McGirt,72,7571,74,151
2023 The Memorial Tournament pres. by Workday,2023-06-01,1,255.0,74.5,0.0,8.0,84,Muirfield Village Golf Club,"Dublin, OH",Adam Svensson,72,7571,77,151
2023 The Memorial Tournament pres. by Workday,2023-06-02,2,255.0,74.8,0.0,12.8,33,Muirfield Village Golf Club,"Dublin, OH",Adam Svensson,72,7571,74,151
2023 The Memorial Tournament pres. by Workday,2023-06-01,1,255.0,74.5,0.0,8.0,84,Muirfield Village Golf Club,"Dublin, OH",Justin Lower,72,7571,77,151
2023 The Memorial Tournament pres. by Workday,2023-06-02,2,255.0,74.8,0.0,12.8,33,Muirfield Village Golf Club,"Dublin, OH",Justin Lower,72,7571,74,151
2023 The Memorial Tournament pres. by Workday,2023-06-01,1,255.0,74.5,0.0,8.0,84,Muirfield Village Golf Club,"Dublin, OH",K.H. Lee,72,7571,75,151
2023 The Memorial Tournament pres. by Workday,2023-06-02,2,255.0,74.8,0.0,12.8,33,Muirfield Village Golf Club,"Dublin, OH",K.H. Lee,72,7571,76,151
2023 The Memorial Tournament pres. by Workday,2023-06-01,1,255.0,74.5,0.0,8.0,84,Muirfield Village Golf Club,"Dublin, OH",Brandon Wu,72,7571,74,151
2023 The Memorial Tournament pres. by Workday,2023-06-02,2,255.0,74.8,0.0,12.8,33,Muirfield Village Golf Club,"Dublin, OH",Brandon Wu,72,7571,77,151
2023 The Memorial Tournament pres. by Workday,2023-06-01,1,255.0,74.5,0.0,8.0,84,Muirfield Village Golf Club,"Dublin, OH",Lucas Glover,72,7571,74,151
2023 The Memorial Tournament pres. by Workday,2023-06-02,2,255.0,74.8,0.0,12.8,33,Muirfield Village Golf Club,"Dublin, OH",Lucas Glover,72,7571,77,151
2023 The Memorial Tournament pres. by Workday,2023-06-01,1,255.0,74.5,0.0,8.0,84,Muirfield Village Golf Club,"Dublin, OH",Akshay Bhatia,72,7571,73,151
2023 The Memorial Tournament pres. by Workday,2023-06-02,2,255.0,74.8,0.0,12.8,33,Muirfield Village Golf Club,"Dublin, OH",Akshay Bhatia,72,7571,78,151
2023 The Memorial Tournament pres. by Workday,2023-06-01,1,255.0,74.5,0.0,8.0,84,Muirfield Village Golf Club,"Dublin, OH",Adam Long,72,7571,81,152
2023 The Memorial Tournament pres. by Workday,2023-06-02,2,255.0,74.8,0.0,12.8,33,Muirfield Village Golf Club,"Dublin, OH",Adam Long,72,7571,71,152
2023 The Memorial Tournament pres. by Workday,2023-06-01,1,255.0,74.5,0.0,8.0,84,Muirfield Village Golf Club,"Dublin, OH",Corey Conners,72,7571,77,152
2023 The Memorial Tournament pres. by Workday,2023-06-02,2,255.0,74.8,0.0,12.8,33,Muirfield Village Golf Club,"Dublin, OH",Corey Conners,72,7571,75,152
2023 The Memorial Tournament pres. by Workday,2023-06-01,1,255.0,74.5,0.0,8.0,84,Muirfield Village Golf Club,"Dublin, OH",Nicolai Højgaard,72,7571,77,152
2023 The Memorial Tournament pres. by Workday,2023-06-02,2,255.0,74.8,0.0,12.8,33,Muirfield Village Golf Club,"Dublin, OH",Nicolai Højgaard,72,7571,75,152
2023 The Memorial Tournament pres. by Workday,2023-06-01,1,255.0,74.5,0.0,8.0,84,Muirfield Village Golf Club,"Dublin, OH",Thriston Lawrence,72,7571,81,153
2023 The Memorial Tournament pres. by Workday,2023-06-02,2,255.0,74.8,0.0,12.8,33,Muirfield Village Golf Club,"Dublin, OH",Thriston Lawrence,72,7571,72,153
2023 The Memorial Tournament pres. by Workday,2023-06-01,1,255.0,74.5,0.0,8.0,84,Muirfield Village Golf Club,"Dublin, OH",Alex Smalley,72,7571,80,153
2023 The Memorial Tournament pres. by Workday,2023-06-02,2,255.0,74.8,0.0,12.8,33,Muirfield Village Golf Club,"Dublin, OH",Alex Smalley,72,7571,73,153
2023 The Memorial Tournament pres. by Workday,2023-06-01,1,255.0,74.5,0.0,8.0,84,Muirfield Village Golf Club,"Dublin, OH",Jason Dufner,72,7571,76,153
2023 The Memorial Tournament pres. by Workday,2023-06-02,2,255.0,74.8,0.0,12.8,33,Muirfield Village Golf Club,"Dublin, OH",Jason Dufner,72,7571,77,153
2023 The Memorial Tournament pres. by Workday,2023-06-01,1,255.0,74.5,0.0,8.0,84,Muirfield Village Golf Club,"Dublin, OH",David Micheluzzi,72,7571,75,153
2023 The Memorial Tournament pres. by Workday,2023-06-02,2,255.0,74.8,0.0,12.8,33,Muirfield Village Golf Club,"Dublin, OH",David Micheluzzi,72,7571,78,153
2023 The Memorial Tournament pres. by Workday,2023-06-01,1,255.0,74.5,0.0,8.0,84,Muirfield Village Golf Club,"Dublin, OH",Cam Davis,72,7571,74,153
2023 The Memorial Tournament pres. by Workday,2023-06-02,2,255.0,74.8,0.0,12.8,33,Muirfield Village Golf Club,"Dublin, OH",Cam Davis,72,7571,79,153
2023 The Memorial Tournament pres. by Workday,2023-06-01,1,255.0,74.5,0.0,8.0,84,Muirfield Village Golf Club,"Dublin, OH",Aaron Rai,72,7571,74,153
2023 The Memorial Tournament pres. by Workday,2023-06-02,2,255.0,74.8,0.0,12.8,33,Muirfield Village Golf Club,"Dublin, OH",Aaron Rai,72,7571,79,153
2023 The Memorial Tournament pres. by Workday,2023-06-01,1,255.0,74.5,0.0,8.0,84,Muirfield Village Golf Club,"Dublin, OH",Ben Taylor,72,7571,73,153
2023 The Memorial Tournament pres. by Workday,2023-06-02,2,255.0,74.8,0.0,12.8,33,Muirfield Village Golf Club,"Dublin, OH",Ben Taylor,72,7571,80,153
2023 The Memorial Tournament pres. by Workday,2023-06-01,1,255.0,74.5,0.0,8.0,84,Muirfield Village Golf Club,"Dublin, OH",Tom Kim,72,7571,79,154
2023 The Memorial Tournament pres. by Workday,2023-06-02,2,255.0,74.8,0.0,12.8,33,Muirfield Village Golf Club,"Dublin, OH",Tom Kim,72,7571,75,154
2023 The Memorial Tournament pres. by Workday,2023-06-01,1,255.0,74.5,0.0,8.0,84,Muirfield Village Golf Club,"Dublin, OH",Troy Merritt,72,7571,76,154
2023 The Memorial Tournament pres. by Workday,2023-06-02,2,255.0,74.8,0.0,12.8,33,Muirfield Village Golf Club,"Dublin, OH",Troy Merritt,72,7571,78,154
2023 The Memorial Tournament pres. by Workday,2023-06-01,1,255.0,74.5,0.0,8.0,84,Muirfield Village Golf Club,"Dublin, OH",Bo Hoag,72,7571,76,154
2023 The Memorial Tournament pres. by Workday,2023-06-02,2,255.0,74.8,0.0,12.8,33,Muirfield Village Golf Club,"Dublin, OH",Bo Hoag,72,7571,78,154
2023 The Memorial Tournament pres. by Workday,2023-06-01,1,255.0,74.5,0.0,8.0,84,Muirfield Village Golf Club,"Dublin, OH",Kevin Kisner,72,7571,75,154
2023 The Memorial Tournament pres. by Workday,2023-06-02,2,255.0,74.8,0.0,12.8,33,Muirfield Village Golf Club,"Dublin, OH",Kevin Kisner,72,7571,79,154
2023 The Memorial Tournament pres. by Workday,2023-06-01,1,255.0,74.5,0.0,8.0,84,Muirfield Village Golf Club,"Dublin, OH",Francesco Molinari,72,7571,81,155
2023 The Memorial Tournament pres. by Workday,2023-06-02,2,255.0,74.8,0.0,12.8,33,Muirfield Village Golf Club,"Dublin, OH",Francesco Molinari,72,7571,74,155
2023 The Memorial Tournament pres. by Workday,2023-06-01,1,255.0,74.5,0.0,8.0,84,Muirfield Village Golf Club,"Dublin, OH",Kurt Kitayama,72,7571,76,155
2023 The Memorial Tournament pres. by Workday,2023-06-02,2,255.0,74.8,0.0,12.8,33,Muirfield Village Golf Club,"Dublin, OH",Kurt Kitayama,72,7571,79,155
2023 The Memorial Tournament pres. by Workday,2023-06-01,1,255.0,74.5,0.0,8.0,84,Muirfield Village Golf Club,"Dublin, OH",Billy Horschel,72,7571,84,156
2023 The Memorial Tournament pres. by Workday,2023-06-02,2,255.0,74.8,0.0,12.8,33,Muirfield Village Golf Club,"Dublin, OH",Billy Horschel,72,7571,72,156
2023 The Memorial Tournament pres. by Workday,2023-06-01,1,255.0,74.5,0.0,8.0,84,Muirfield Village Golf Club,"Dublin, OH",K.J. Choi,72,7571,81,156
2023 The Memorial Tournament pres. by Workday,2023-06-02,2,255.0,74.8,0.0,12.8,33,Muirfield Village Golf Club,"Dublin, OH",K.J. Choi,72,7571,75,156
2023 The Memorial Tournament pres. by Workday,2023-06-01,1,255.0,74.5,0.0,8.0,84,Muirfield Village Golf Club,"Dublin, OH",Hayden Buckley,72,7571,80,157
2023 The Memorial Tournament pres. by Workday,2023-06-02,2,255.0,74.8,0.0,12.8,33,Muirfield Village Golf Club,"Dublin, OH",Hayden Buckley,72,7571,77,157
2023 The Memorial Tournament pres. by Workday,2023-06-01,1,255.0,74.5,0.0,8.0,84,Muirfield Village Golf Club,"Dublin, OH",Chad Ramey,72,7571,88,162
2023 The Memorial Tournament pres. by Workday,2023-06-02,2,255.0,74.8,0.0,12.8,33,Muirfield Village Golf Club,"Dublin, OH",Chad Ramey,72,7571,74,162
2023 The Memorial Tournament pres. by Workday,2023-06-01,1,255.0,74.5,0.0,8.0,84,Muirfield Village Golf Club,"Dublin, OH",Peter Malnati,72,7571,78,162
2023 The Memorial Tournament pres. by Workday,2023-06-02,2,255.0,74.8,0.0,12.8,33,Muirfield Village Golf Club,"Dublin, OH",Peter Malnati,72,7571,84,162
