TOURNAMENT_NAME,ROUND_DATE,ROUND_NUMBER,ELEVATION,TEMPERATURE,PRECIPITATION,WIND_SPEED,WIND_DIRECTION,COURSE_NAME,COURSE_LOCATION,PLAYER_NAME,PAR,LENGTH,COURSE_AVERAGE_SCORE,SCORE,TOTAL_SCORE
2023 U.S. Open,2023-06-15,1,96.0,64.2,0.016,8.6,197,Los Angeles Country Club,"Los Angeles, CA",Wyndham Clark,70,7421,72.24,64,270
2023 U.S. Open,2023-06-16,2,96.0,66.5,0.0,11.9,238,Los Angeles Country Club,"Los Angeles, CA",Wyndham Clark,70,7421,72.24,67,270
2023 U.S. Open,2023-06-17,3,96.0,67.0,0.0,12.1,221,Los Angeles Country Club,"Los Angeles, CA",Wyndham Clark,70,7421,72.24,69,270
2023 U.S. Open,2023-06-18,4,96.0,66.8,0.0,11.1,196,Los Angeles Country Club,"Los Angeles, CA",Wyndham Clark,70,7421,72.24,70,270
2023 U.S. Open,2023-06-15,1,96.0,64.2,0.016,8.6,197,Los Angeles Country Club,"Los Angeles, CA",Rory McIlroy,70,7421,72.24,65,271
2023 U.S. Open,2023-06-16,2,96.0,66.5,0.0,11.9,238,Los Angeles Country Club,"Los Angeles, CA",Rory McIlroy,70,7421,72.24,67,271
2023 U.S. Open,2023-06-17,3,96.0,67.0,0.0,12.1,221,Los Angeles Country Club,"Los Angeles, CA",Rory McIlroy,70,7421,72.24,69,271
2023 U.S. Open,2023-06-18,4,96.0,66.8,0.0,11.1,196,Los Angeles Country Club,"Los Angeles, CA",Rory McIlroy,70,7421,72.24,70,271
2023 U.S. Open,2023-06-15,1,96.0,64.2,0.016,8.6,197,Los Angeles Country Club,"Los Angeles, CA",Scottie Scheffler,70,7421,72.24,67,273
2023 U.S. Open,2023-06-16,2,96.0,66.5,0.0,11.9,238,Los Angeles Country Club,"Los Angeles, CA",Scottie Scheffler,70,7421,72.24,68,273
2023 U.S. Open,2023-06-17,3,96.0,67.0,0.0,12.1,221,Los Angeles Country Club,"Los Angeles, CA",Scottie Scheffler,70,7421,72.24,68,273
2023 U.S. Open,2023-06-18,4,96.0,66.8,0.0,11.1,196,Los Angeles Country Club,"Los Angeles, CA",Scottie Scheffler,70,7421,72.24,70,273
2023 U.S. Open,2023-06-15,1,96.0,64.2,0.016,8.6,197,Los Angeles Country Club,"Los Angeles, CA",Cameron Smith,70,7421,72.24,69,274
2023 U.S. Open,2023-06-16,2,96.0,66.5,0.0,11.9,238,Los Angeles Country Club,"Los Angeles, CA",Cameron Smith,70,7421,72.24,67,274
2023 U.S. Open,2023-06-17,3,96.0,67.0,0.0,12.1,221,Los Angeles Country Club,"Los Angeles, CA",Cameron Smith,70,7421,72.24,71,274
2023 U.S. Open,2023-06-18,4,96.0,66.8,0.0,11.1,196,Los Angeles Country Club,"Los Angeles, CA",Cameron Smith,70,7421,72.24,67,274
2023 U.S. Open,2023-06-15,1,96.0,64.2,0.016,8.6,197,Los Angeles Country Club,"Los Angeles, CA",Tommy Fleetwood,70,7421,72.24,73,275
2023 U.S. Open,2023-06-16,2,96.0,66.5,0.0,11.9,238,Los Angeles Country Club,"Los Angeles, CA",Tommy Fleetwood,70,7421,72.24,69,275
2023 U.S. Open,2023-06-17,3,96.0,67.0,0.0,12.1,221,Los Angeles Country Club,"Los Angeles, CA",Tommy Fleetwood,70,7421,72.24,70,275
2023 U.S. Open,2023-06-18,4,96.0,66.8,0.0,11.1,196,Los Angeles Country Club,"Los Angeles, CA",Tommy Fleetwood,70,7421,72.24,63,275
2023 U.S. Open,2023-06-15,1,96.0,64.2,0.016,8.6,197,Los Angeles Country Club,"Los Angeles, CA",Min Woo Lee,70,7421,72.24,69,275
2023 U.S. Open,2023-06-16,2,96.0,66.5,0.0,11.9,238,Los Angeles Country Club,"Los Angeles, CA",Min Woo Lee,70,7421,72.24,65,275
2023 U.S. Open,2023-06-17,3,96.0,67.0,0.0,12.1,221,Los Angeles Country Club,"Los Angeles, CA",Min Woo Lee,70,7421,72.24,74,275
2023 U.S. Open,2023-06-18,4,96.0,66.8,0.0,11.1,196,Los Angeles Country Club,"Los Angeles, CA",Min Woo Lee,70,7421,72.24,67,275
2023 U.S. Open,2023-06-15,1,96.0,64.2,0.016,8.6,197,Los Angeles Country Club,"Los Angeles, CA",Rickie Fowler,70,7421,72.24,62,275
2023 U.S. Open,2023-06-16,2,96.0,66.5,0.0,11.9,238,Los Angeles Country Club,"Los Angeles, CA",Rickie Fowler,70,7421,72.24,68,275
2023 U.S. Open,2023-06-17,3,96.0,67.0,0.0,12.1,221,Los Angeles Country Club,"Los Angeles, CA",Rickie Fowler,70,7421,72.24,70,275
2023 U.S. Open,2023-06-18,4,96.0,66.8,0.0,11.1,196,Los Angeles Country Club,"Los Angeles, CA",Rickie Fowler,70,7421,72.24,75,275
2023 U.S. Open,2023-06-15,1,96.0,64.2,0.016,8.6,197,Los Angeles Country Club,"Los Angeles, CA",Tom Kim,70,7421,72.24,73,276
2023 U.S. Open,2023-06-16,2,96.0,66.5,0.0,11.9,238,Los Angeles Country Club,"Los Angeles, CA",Tom Kim,70,7421,72.24,68,276
2023 U.S. Open,2023-06-17,3,96.0,67.0,0.0,12.1,221,Los Angeles Country Club,"Los Angeles, CA",Tom Kim,70,7421,72.24,66,276
2023 U.S. Open,2023-06-18,4,96.0,66.8,0.0,11.1,196,Los Angeles Country Club,"Los Angeles, CA",Tom Kim,70,7421,72.24,69,276
2023 U.S. Open,2023-06-15,1,96.0,64.2,0.016,8.6,197,Los Angeles Country Club,"Los Angeles, CA",Harris English,70,7421,72.24,67,276
2023 U.S. Open,2023-06-16,2,96.0,66.5,0.0,11.9,238,Los Angeles Country Club,"Los Angeles, CA",Harris English,70,7421,72.24,66,276
2023 U.S. Open,2023-06-17,3,96.0,67.0,0.0,12.1,221,Los Angeles Country Club,"Los Angeles, CA",Harris English,70,7421,72.24,71,276
2023 U.S. Open,2023-06-18,4,96.0,66.8,0.0,11.1,196,Los Angeles Country Club,"Los Angeles, CA",Harris English,70,7421,72.24,72,276
2023 U.S. Open,2023-06-15,1,96.0,64.2,0.016,8.6,197,Los Angeles Country Club,"Los Angeles, CA",Jon Rahm,70,7421,72.24,69,277
2023 U.S. Open,2023-06-16,2,96.0,66.5,0.0,11.9,238,Los Angeles Country Club,"Los Angeles, CA",Jon Rahm,70,7421,72.24,73,277
2023 U.S. Open,2023-06-17,3,96.0,67.0,0.0,12.1,221,Los Angeles Country Club,"Los Angeles, CA",Jon Rahm,70,7421,72.24,70,277
2023 U.S. Open,2023-06-18,4,96.0,66.8,0.0,11.1,196,Los Angeles Country Club,"Los Angeles, CA",Jon Rahm,70,7421,72.24,65,277
2023 U.S. Open,2023-06-15,1,96.0,64.2,0.016,8.6,197,Los Angeles Country Club,"Los Angeles, CA",Austin Eckroat,70,7421,72.24,71,277
2023 U.S. Open,2023-06-16,2,96.0,66.5,0.0,11.9,238,Los Angeles Country Club,"Los Angeles, CA",Austin Eckroat,70,7421,72.24,68,277
2023 U.S. Open,2023-06-17,3,96.0,67.0,0.0,12.1,221,Los Angeles Country Club,"Los Angeles, CA",Austin Eckroat,70,7421,72.24,73,277
2023 U.S. Open,2023-06-18,4,96.0,66.8,0.0,11.1,196,Los Angeles Country Club,"Los Angeles, CA",Austin Eckroat,70,7421,72.24,65,277
2023 U.S. Open,2023-06-15,1,96.0,64.2,0.016,8.6,197,Los Angeles Country Club,"Los Angeles, CA",Dustin Johnson,70,7421,72.24,64,277
2023 U.S. Open,2023-06-16,2,96.0,66.5,0.0,11.9,238,Los Angeles Country Club,"Los Angeles, CA",Dustin Johnson,70,7421,72.24,70,277
2023 U.S. Open,2023-06-17,3,96.0,67.0,0.0,12.1,221,Los Angeles Country Club,"Los Angeles, CA",Dustin Johnson,70,7421,72.24,71,277
2023 U.S. Open,2023-06-18,4,96.0,66.8,0.0,11.1,196,Los Angeles Country Club,"Los Angeles, CA",Dustin Johnson,70,7421,72.24,72,277
2023 U.S. Open,2023-06-15,1,96.0,64.2,0.016,8.6,197,Los Angeles Country Club,"Los Angeles, CA",Xander Schauffele,70,7421,72.24,62,277
2023 U.S. Open,2023-06-16,2,96.0,66.5,0.0,11.9,238,Los Angeles Country Club,"Los Angeles, CA",Xander Schauffele,70,7421,72.24,70,277
2023 U.S. Open,2023-06-17,3,96.0,67.0,0.0,12.1,221,Los Angeles Country Club,"Los Angeles, CA",Xander Schauffele,70,7421,72.24,73,277
2023 U.S. Open,2023-06-18,4,96.0,66.8,0.0,11.1,196,Los Angeles Country Club,"Los Angeles, CA",Xander Schauffele,70,7421,72.24,72,277
2023 U.S. Open,2023-06-15,1,96.0,64.2,0.016,8.6,197,Los Angeles Country Club,"Los Angeles, CA",Russell Henley,70,7421,72.24,71,278
2023 U.S. Open,2023-06-16,2,96.0,66.5,0.0,11.9,238,Los Angeles Country Club,"Los Angeles, CA",Russell Henley,70,7421,72.24,71,278
2023 U.S. Open,2023-06-17,3,96.0,67.0,0.0,12.1,221,Los Angeles Country Club,"Los Angeles, CA",Russell Henley,70,7421,72.24,68,278
2023 U.S. Open,2023-06-18,4,96.0,66.8,0.0,11.1,196,Los Angeles Country Club,"Los Angeles, CA",Russell Henley,70,7421,72.24,68,278
2023 U.S. Open,2023-06-15,1,96.0,64.2,0.016,8.6,197,Los Angeles Country Club,"Los Angeles, CA",Patrick Cantlay,70,7421,72.24,71,278
2023 U.S. Open,2023-06-16,2,96.0,66.5,0.0,11.9,238,Los Angeles Country Club,"Los Angeles, CA",Patrick Cantlay,70,7421,72.24,71,278
2023 U.S. Open,2023-06-17,3,96.0,67.0,0.0,12.1,221,Los Angeles Country Club,"Los Angeles, CA",Patrick Cantlay,70,7421,72.24,67,278
2023 U.S. Open,2023-06-18,4,96.0,66.8,0.0,11.1,196,Los Angeles Country Club,"Los Angeles, CA",Patrick Cantlay,70,7421,72.24,69,278
2023 U.S. Open,2023-06-15,1,96.0,64.2,0.016,8.6,197,Los Angeles Country Club,"Los Angeles, CA",Collin Morikawa,70,7421,72.24,71,278
2023 U.S. Open,2023-06-16,2,96.0,66.5,0.0,11.9,238,Los Angeles Country Club,"Los Angeles, CA",Collin Morikawa,70,7421,72.24,69,278
2023 U.S. Open,2023-06-17,3,96.0,67.0,0.0,12.1,221,Los Angeles Country Club,"Los Angeles, CA",Collin Morikawa,70,7421,72.24,69,278
2023 U.S. Open,2023-06-18,4,96.0,66.8,0.0,11.1,196,Los Angeles Country Club,"Los Angeles, CA",Collin Morikawa,70,7421,72.24,69,278
2023 U.S. Open,2023-06-15,1,96.0,64.2,0.016,8.6,197,Los Angeles Country Club,"Los Angeles, CA",Brooks Koepka,70,7421,72.24,71,279
2023 U.S. Open,2023-06-16,2,96.0,66.5,0.0,11.9,238,Los Angeles Country Club,"Los Angeles, CA",Brooks Koepka,70,7421,72.24,69,279
2023 U.S. Open,2023-06-17,3,96.0,67.0,0.0,12.1,221,Los Angeles Country Club,"Los Angeles, CA",Brooks Koepka,70,7421,72.24,70,279
2023 U.S. Open,2023-06-18,4,96.0,66.8,0.0,11.1,196,Los Angeles Country Club,"Los Angeles, CA",Brooks Koepka,70,7421,72.24,69,279
2023 U.S. Open,2023-06-15,1,96.0,64.2,0.016,8.6,197,Los Angeles Country Club,"Los Angeles, CA",Matt Fitzpatrick,70,7421,72.24,71,279
2023 U.S. Open,2023-06-16,2,96.0,66.5,0.0,11.9,238,Los Angeles Country Club,"Los Angeles, CA",Matt Fitzpatrick,70,7421,72.24,70,279
2023 U.S. Open,2023-06-17,3,96.0,67.0,0.0,12.1,221,Los Angeles Country Club,"Los Angeles, CA",Matt Fitzpatrick,70,7421,72.24,68,279
2023 U.S. Open,2023-06-18,4,96.0,66.8,0.0,11.1,196,Los Angeles Country Club,"Los Angeles, CA",Matt Fitzpatrick,70,7421,72.24,70,279
2023 U.S. Open,2023-06-15,1,96.0,64.2,0.016,8.6,197,Los Angeles Country Club,"Los Angeles, CA",Viktor Hovland,70,7421,72.24,69,280
2023 U.S. Open,2023-06-16,2,96.0,66.5,0.0,11.9,238,Los Angeles Country Club,"Los Angeles, CA",Viktor Hovland,70,7421,72.24,70,280
2023 U.S. Open,2023-06-17,3,96.0,67.0,0.0,12.1,221,Los Angeles Country Club,"Los Angeles, CA",Viktor Hovland,70,7421,72.24,69,280
2023 U.S. Open,2023-06-18,4,96.0,66.8,0.0,11.1,196,Los Angeles Country Club,"Los Angeles, CA",Viktor Hovland,70,7421,72.24,72,280
2023 U.S. Open,2023-06-15,1,96.0,64.2,0.016,8.6,197,Los Angeles Country Club,"Los Angeles, CA",Jordan Smith,70,7421,72.24,70,281
2023 U.S. Open,2023-06-16,2,96.0,66.5,0.0,11.9,238,Los Angeles Country Club,"Los Angeles, CA",Jordan Smith,70,7421,72.24,71,281
2023 U.S. Open,2023-06-17,3,96.0,67.0,0.0,12.1,221,Los Angeles Country Club,"Los Angeles, CA",Jordan Smith,70,7421,72.24,74,281
2023 U.S. Open,2023-06-18,4,96.0,66.8,0.0,11.1,196,Los Angeles Country Club,"Los Angeles, CA",Jordan Smith,70,7421,72.24,66,281
2023 U.S. Open,2023-06-15,1,96.0,64.2,0.016,8.6,197,Los Angeles Country Club,"Los Angeles, CA",Nick Hardy,70,7421,72.24,70,281
2023 U.S. Open,2023-06-16,2,96.0,66.5,0.0,11.9,238,Los Angeles Country Club,"Los Angeles, CA",Nick Hardy,70,7421,72.24,69,281
2023 U.S. Open,2023-06-17,3,96.0,67.0,0.0,12.1,221,Los Angeles Country Club,"Los Angeles, CA",Nick Hardy,70,7421,72.24,75,281
2023 U.S. Open,2023-06-18,4,96.0,66.8,0.0,11.1,196,Los Angeles Country Club,"Los Angeles, CA",Nick Hardy,70,7421,72.24,67,281
2023 U.S. Open,2023-06-15,1,96.0,64.2,0.016,8.6,197,Los Angeles Country Club,"Los Angeles, CA",Denny McCarthy,70,7421,72.24,71,281
2023 U.S. Open,2023-06-16,2,96.0,66.5,0.0,11.9,238,Los Angeles Country Club,"Los Angeles, CA",Denny McCarthy,70,7421,72.24,67,281
2023 U.S. Open,2023-06-17,3,96.0,67.0,0.0,12.1,221,Los Angeles Country Club,"Los Angeles, CA",Denny McCarthy,70,7421,72.24,73,281
2023 U.S. Open,2023-06-18,4,96.0,66.8,0.0,11.1,196,Los Angeles Country Club,"Los Angeles, CA",Denny McCarthy,70,7421,72.24,70,281
2023 U.S. Open,2023-06-15,1,96.0,64.2,0.016,8.6,197,Los Angeles Country Club,"Los Angeles, CA",Shane Lowry,70,7421,72.24,72,281
2023 U.S. Open,2023-06-16,2,96.0,66.5,0.0,11.9,238,Los Angeles Country Club,"Los Angeles, CA",Shane Lowry,70,7421,72.24,70,281
2023 U.S. Open,2023-06-17,3,96.0,67.0,0.0,12.1,221,Los Angeles Country Club,"Los Angeles, CA",Shane Lowry,70,7421,72.24,68,281
2023 U.S. Open,2023-06-18,4,96.0,66.8,0.0,11.1,196,Los Angeles Country Club,"Los Angeles, CA",Shane Lowry,70,7421,72.24,71,281
2023 U.S. Open,2023-06-15,1,96.0,64.2,0.016,8.6,197,Los Angeles Country Club,"Los Angeles, CA",Keith Mitchell,70,7421,72.24,68,281
2023 U.S. Open,2023-06-16,2,96.0,66.5,0.0,11.9,238,Los Angeles Country Club,"Los Angeles, CA",Keith Mitchell,70,7421,72.24,71,281
2023 U.S. Open,2023-06-17,3,96.0,67.0,0.0,12.1,221,Los Angeles Country Club,"Los Angeles, CA",Keith Mitchell,70,7421,72.24,71,281
2023 U.S. Open,2023-06-18,4,96.0,66.8,0.0,11.1,196,Los Angeles Country Club,"Los Angeles, CA",Keith Mitchell,70,7421,72.24,71,281
2023 U.S. Open,2023-06-15,1,96.0,64.2,0.016,8.6,197,Los Angeles Country Club,"Los Angeles, CA",Bryson DeChambeau,70,7421,72.24,67,281
2023 U.S. Open,2023-06-16,2,96.0,66.5,0.0,11.9,238,Los Angeles Country Club,"Los Angeles, CA",Bryson DeChambeau,70,7421,72.24,72,281
2023 U.S. Open,2023-06-17,3,96.0,67.0,0.0,12.1,221,Los Angeles Country Club,"Los Angeles, CA",Bryson DeChambeau,70,7421,72.24,68,281
2023 U.S. Open,2023-06-18,4,96.0,66.8,0.0,11.1,196,Los Angeles Country Club,"Los Angeles, CA",Bryson DeChambeau,70,7421,72.24,74,281
2023 U.S. Open,2023-06-15,1,96.0,64.2,0.016,8.6,197,Los Angeles Country Club,"Los Angeles, CA",Ryutaro Nagano,70,7421,72.24,71,281
2023 U.S. Open,2023-06-16,2,96.0,66.5,0.0,11.9,238,Los Angeles Country Club,"Los Angeles, CA",Ryutaro Nagano,70,7421,72.24,67,281
2023 U.S. Open,2023-06-17,3,96.0,67.0,0.0,12.1,221,Los Angeles Country Club,"Los Angeles, CA",Ryutaro Nagano,70,7421,72.24,68,281
2023 U.S. Open,2023-06-18,4,96.0,66.8,0.0,11.1,196,Los Angeles Country Club,"Los Angeles, CA",Ryutaro Nagano,70,7421,72.24,75,281
2023 U.S. Open,2023-06-15,1,96.0,64.2,0.016,8.6,197,Los Angeles Country Club,"Los Angeles, CA",Sahith Theegala,70,7421,72.24,74,282
2023 U.S. Open,2023-06-16,2,96.0,66.5,0.0,11.9,238,Los Angeles Country Club,"Los Angeles, CA",Sahith Theegala,70,7421,72.24,66,282
2023 U.S. Open,2023-06-17,3,96.0,67.0,0.0,12.1,221,Los Angeles Country Club,"Los Angeles, CA",Sahith Theegala,70,7421,72.24,73,282
2023 U.S. Open,2023-06-18,4,96.0,66.8,0.0,11.1,196,Los Angeles Country Club,"Los Angeles, CA",Sahith Theegala,70,7421,72.24,69,282
2023 U.S. Open,2023-06-15,1,96.0,64.2,0.016,8.6,197,Los Angeles Country Club,"Los Angeles, CA",Sergio Garcia,70,7421,72.24,70,282
2023 U.S. Open,2023-06-16,2,96.0,66.5,0.0,11.9,238,Los Angeles Country Club,"Los Angeles, CA",Sergio Garcia,70,7421,72.24,71,282
2023 U.S. Open,2023-06-17,3,96.0,67.0,0.0,12.1,221,Los Angeles Country Club,"Los Angeles, CA",Sergio Garcia,70,7421,72.24,71,282
2023 U.S. Open,2023-06-18,4,96.0,66.8,0.0,11.1,196,Los Angeles Country Club,"Los Angeles, CA",Sergio Garcia,70,7421,72.24,70,282
2023 U.S. Open,2023-06-15,1,96.0,64.2,0.016,8.6,197,Los Angeles Country Club,"Los Angeles, CA",Tyrrell Hatton,70,7421,72.24,74,282
2023 U.S. Open,2023-06-16,2,96.0,66.5,0.0,11.9,238,Los Angeles Country Club,"Los Angeles, CA",Tyrrell Hatton,70,7421,72.24,67,282
2023 U.S. Open,2023-06-17,3,96.0,67.0,0.0,12.1,221,Los Angeles Country Club,"Los Angeles, CA",Tyrrell Hatton,70,7421,72.24,69,282
2023 U.S. Open,2023-06-18,4,96.0,66.8,0.0,11.1,196,Los Angeles Country Club,"Los Angeles, CA",Tyrrell Hatton,70,7421,72.24,72,282
2023 U.S. Open,2023-06-15,1,96.0,64.2,0.016,8.6,197,Los Angeles Country Club,"Los Angeles, CA",Justin Suh,70,7421,72.24,69,282
2023 U.S. Open,2023-06-16,2,96.0,66.5,0.0,11.9,238,Los Angeles Country Club,"Los Angeles, CA",Justin Suh,70,7421,72.24,69,282
2023 U.S. Open,2023-06-17,3,96.0,67.0,0.0,12.1,221,Los Angeles Country Club,"Los Angeles, CA",Justin Suh,70,7421,72.24,72,282
2023 U.S. Open,2023-06-18,4,96.0,66.8,0.0,11.1,196,Los Angeles Country Club,"Los Angeles, CA",Justin Suh,70,7421,72.24,72,282
2023 U.S. Open,2023-06-15,1,96.0,64.2,0.016,8.6,197,Los Angeles Country Club,"Los Angeles, CA",Padraig Harrington,70,7421,72.24,73,282
2023 U.S. Open,2023-06-16,2,96.0,66.5,0.0,11.9,238,Los Angeles Country Club,"Los Angeles, CA",Padraig Harrington,70,7421,72.24,69,282
2023 U.S. Open,2023-06-17,3,96.0,67.0,0.0,12.1,221,Los Angeles Country Club,"Los Angeles, CA",Padraig Harrington,70,7421,72.24,67,282
2023 U.S. Open,2023-06-18,4,96.0,66.8,0.0,11.1,196,Los Angeles Country Club,"Los Angeles, CA",Padraig Harrington,70,7421,72.24,73,282
2023 U.S. Open,2023-06-15,1,96.0,64.2,0.016,8.6,197,Los Angeles Country Club,"Los Angeles, CA",Patrick Rodgers,70,7421,72.24,71,283
2023 U.S. Open,2023-06-16,2,96.0,66.5,0.0,11.9,238,Los Angeles Country Club,"Los Angeles, CA",Patrick Rodgers,70,7421,72.24,69,283
2023 U.S. Open,2023-06-17,3,96.0,67.0,0.0,12.1,221,Los Angeles Country Club,"Los Angeles, CA",Patrick Rodgers,70,7421,72.24,71,283
2023 U.S. Open,2023-06-18,4,96.0,66.8,0.0,11.1,196,Los Angeles Country Club,"Los Angeles, CA",Patrick Rodgers,70,7421,72.24,72,283
2023 U.S. Open,2023-06-15,1,96.0,64.2,0.016,8.6,197,Los Angeles Country Club,"Los Angeles, CA",Dylan Wu,70,7421,72.24,68,283
2023 U.S. Open,2023-06-16,2,96.0,66.5,0.0,11.9,238,Los Angeles Country Club,"Los Angeles, CA",Dylan Wu,70,7421,72.24,70,283
2023 U.S. Open,2023-06-17,3,96.0,67.0,0.0,12.1,221,Los Angeles Country Club,"Los Angeles, CA",Dylan Wu,70,7421,72.24,73,283
2023 U.S. Open,2023-06-18,4,96.0,66.8,0.0,11.1,196,Los Angeles Country Club,"Los Angeles, CA",Dylan Wu,70,7421,72.24,72,283
2023 U.S. Open,2023-06-15,1,96.0,64.2,0.016,8.6,197,Los Angeles Country Club,"Los Angeles, CA",Cameron Young,70,7421,72.24,72,283
2023 U.S. Open,2023-06-16,2,96.0,66.5,0.0,11.9,238,Los Angeles Country Club,"Los Angeles, CA",Cameron Young,70,7421,72.24,70,283
2023 U.S. Open,2023-06-17,3,96.0,67.0,0.0,12.1,221,Los Angeles Country Club,"Los Angeles, CA",Cameron Young,70,7421,72.24,68,283
2023 U.S. Open,2023-06-18,4,96.0,66.8,0.0,11.1,196,Los Angeles Country Club,"Los Angeles, CA",Cameron Young,70,7421,72.24,73,283
2023 U.S. Open,2023-06-15,1,96.0,64.2,0.016,8.6,197,Los Angeles Country Club,"Los Angeles, CA",Joaquín Niemann,70,7421,72.24,68,283
2023 U.S. Open,2023-06-16,2,96.0,66.5,0.0,11.9,238,Los Angeles Country Club,"Los Angeles, CA",Joaquín Niemann,70,7421,72.24,72,283
2023 U.S. Open,2023-06-17,3,96.0,67.0,0.0,12.1,221,Los Angeles Country Club,"Los Angeles, CA",Joaquín Niemann,70,7421,72.24,70,283
2023 U.S. Open,2023-06-18,4,96.0,66.8,0.0,11.1,196,Los Angeles Country Club,"Los Angeles, CA",Joaquín Niemann,70,7421,72.24,73,283
2023 U.S. Open,2023-06-15,1,96.0,64.2,0.016,8.6,197,Los Angeles Country Club,"Los Angeles, CA",Sam Burns,70,7421,72.24,69,283
2023 U.S. Open,2023-06-16,2,96.0,66.5,0.0,11.9,238,Los Angeles Country Club,"Los Angeles, CA",Sam Burns,70,7421,72.24,70,283
2023 U.S. Open,2023-06-17,3,96.0,67.0,0.0,12.1,221,Los Angeles Country Club,"Los Angeles, CA",Sam Burns,70,7421,72.24,71,283
2023 U.S. Open,2023-06-18,4,96.0,66.8,0.0,11.1,196,Los Angeles Country Club,"Los Angeles, CA",Sam Burns,70,7421,72.24,73,283
2023 U.S. Open,2023-06-15,1,96.0,64.2,0.016,8.6,197,Los Angeles Country Club,"Los Angeles, CA",Tony Finau,70,7421,72.24,68,283
2023 U.S. Open,2023-06-16,2,96.0,66.5,0.0,11.9,238,Los Angeles Country Club,"Los Angeles, CA",Tony Finau,70,7421,72.24,69,283
2023 U.S. Open,2023-06-17,3,96.0,67.0,0.0,12.1,221,Los Angeles Country Club,"Los Angeles, CA",Tony Finau,70,7421,72.24,72,283
2023 U.S. Open,2023-06-18,4,96.0,66.8,0.0,11.1,196,Los Angeles Country Club,"Los Angeles, CA",Tony Finau,70,7421,72.24,74,283
2023 U.S. Open,2023-06-15,1,96.0,64.2,0.016,8.6,197,Los Angeles Country Club,"Los Angeles, CA",Hideki Matsuyama,70,7421,72.24,72,283
2023 U.S. Open,2023-06-16,2,96.0,66.5,0.0,11.9,238,Los Angeles Country Club,"Los Angeles, CA",Hideki Matsuyama,70,7421,72.24,69,283
2023 U.S. Open,2023-06-17,3,96.0,67.0,0.0,12.1,221,Los Angeles Country Club,"Los Angeles, CA",Hideki Matsuyama,70,7421,72.24,67,283
2023 U.S. Open,2023-06-18,4,96.0,66.8,0.0,11.1,196,Los Angeles Country Club,"Los Angeles, CA",Hideki Matsuyama,70,7421,72.24,75,283
2023 U.S. Open,2023-06-15,1,96.0,64.2,0.016,8.6,197,Los Angeles Country Club,"Los Angeles, CA",David Puig,70,7421,72.24,69,284
2023 U.S. Open,2023-06-16,2,96.0,66.5,0.0,11.9,238,Los Angeles Country Club,"Los Angeles, CA",David Puig,70,7421,72.24,73,284
2023 U.S. Open,2023-06-17,3,96.0,67.0,0.0,12.1,221,Los Angeles Country Club,"Los Angeles, CA",David Puig,70,7421,72.24,75,284
2023 U.S. Open,2023-06-18,4,96.0,66.8,0.0,11.1,196,Los Angeles Country Club,"Los Angeles, CA",David Puig,70,7421,72.24,67,284
2023 U.S. Open,2023-06-15,1,96.0,64.2,0.016,8.6,197,Los Angeles Country Club,"Los Angeles, CA",Gordon Sargent (a),70,7421,72.24,69,284
2023 U.S. Open,2023-06-16,2,96.0,66.5,0.0,11.9,238,Los Angeles Country Club,"Los Angeles, CA",Gordon Sargent (a),70,7421,72.24,71,284
2023 U.S. Open,2023-06-17,3,96.0,67.0,0.0,12.1,221,Los Angeles Country Club,"Los Angeles, CA",Gordon Sargent (a),70,7421,72.24,75,284
2023 U.S. Open,2023-06-18,4,96.0,66.8,0.0,11.1,196,Los Angeles Country Club,"Los Angeles, CA",Gordon Sargent (a),70,7421,72.24,69,284
2023 U.S. Open,2023-06-15,1,96.0,64.2,0.016,8.6,197,Los Angeles Country Club,"Los Angeles, CA",Eric Cole,70,7421,72.24,69,284
2023 U.S. Open,2023-06-16,2,96.0,66.5,0.0,11.9,238,Los Angeles Country Club,"Los Angeles, CA",Eric Cole,70,7421,72.24,70,284
2023 U.S. Open,2023-06-17,3,96.0,67.0,0.0,12.1,221,Los Angeles Country Club,"Los Angeles, CA",Eric Cole,70,7421,72.24,71,284
2023 U.S. Open,2023-06-18,4,96.0,66.8,0.0,11.1,196,Los Angeles Country Club,"Los Angeles, CA",Eric Cole,70,7421,72.24,74,284
2023 U.S. Open,2023-06-15,1,96.0,64.2,0.016,8.6,197,Los Angeles Country Club,"Los Angeles, CA",Si Woo Kim,70,7421,72.24,67,284
2023 U.S. Open,2023-06-16,2,96.0,66.5,0.0,11.9,238,Los Angeles Country Club,"Los Angeles, CA",Si Woo Kim,70,7421,72.24,72,284
2023 U.S. Open,2023-06-17,3,96.0,67.0,0.0,12.1,221,Los Angeles Country Club,"Los Angeles, CA",Si Woo Kim,70,7421,72.24,71,284
2023 U.S. Open,2023-06-18,4,96.0,66.8,0.0,11.1,196,Los Angeles Country Club,"Los Angeles, CA",Si Woo Kim,70,7421,72.24,74,284
2023 U.S. Open,2023-06-15,1,96.0,64.2,0.016,8.6,197,Los Angeles Country Club,"Los Angeles, CA",Sam Bennett,70,7421,72.24,67,285
2023 U.S. Open,2023-06-16,2,96.0,66.5,0.0,11.9,238,Los Angeles Country Club,"Los Angeles, CA",Sam Bennett,70,7421,72.24,68,285
2023 U.S. Open,2023-06-17,3,96.0,67.0,0.0,12.1,221,Los Angeles Country Club,"Los Angeles, CA",Sam Bennett,70,7421,72.24,79,285
2023 U.S. Open,2023-06-18,4,96.0,66.8,0.0,11.1,196,Los Angeles Country Club,"Los Angeles, CA",Sam Bennett,70,7421,72.24,71,285
2023 U.S. Open,2023-06-15,1,96.0,64.2,0.016,8.6,197,Los Angeles Country Club,"Los Angeles, CA",Sam Stevens,70,7421,72.24,75,285
2023 U.S. Open,2023-06-16,2,96.0,66.5,0.0,11.9,238,Los Angeles Country Club,"Los Angeles, CA",Sam Stevens,70,7421,72.24,67,285
2023 U.S. Open,2023-06-17,3,96.0,67.0,0.0,12.1,221,Los Angeles Country Club,"Los Angeles, CA",Sam Stevens,70,7421,72.24,70,285
2023 U.S. Open,2023-06-18,4,96.0,66.8,0.0,11.1,196,Los Angeles Country Club,"Los Angeles, CA",Sam Stevens,70,7421,72.24,73,285
2023 U.S. Open,2023-06-15,1,96.0,64.2,0.016,8.6,197,Los Angeles Country Club,"Los Angeles, CA",Andrew Putnam,70,7421,72.24,68,285
2023 U.S. Open,2023-06-16,2,96.0,66.5,0.0,11.9,238,Los Angeles Country Club,"Los Angeles, CA",Andrew Putnam,70,7421,72.24,71,285
2023 U.S. Open,2023-06-17,3,96.0,67.0,0.0,12.1,221,Los Angeles Country Club,"Los Angeles, CA",Andrew Putnam,70,7421,72.24,73,285
2023 U.S. Open,2023-06-18,4,96.0,66.8,0.0,11.1,196,Los Angeles Country Club,"Los Angeles, CA",Andrew Putnam,70,7421,72.24,73,285
2023 U.S. Open,2023-06-15,1,96.0,64.2,0.016,8.6,197,Los Angeles Country Club,"Los Angeles, CA",Ryan Fox,70,7421,72.24,68,285
2023 U.S. Open,2023-06-16,2,96.0,66.5,0.0,11.9,238,Los Angeles Country Club,"Los Angeles, CA",Ryan Fox,70,7421,72.24,74,285
2023 U.S. Open,2023-06-17,3,96.0,67.0,0.0,12.1,221,Los Angeles Country Club,"Los Angeles, CA",Ryan Fox,70,7421,72.24,69,285
2023 U.S. Open,2023-06-18,4,96.0,66.8,0.0,11.1,196,Los Angeles Country Club,"Los Angeles, CA",Ryan Fox,70,7421,72.24,74,285
2023 U.S. Open,2023-06-15,1,96.0,64.2,0.016,8.6,197,Los Angeles Country Club,"Los Angeles, CA",Billy Horschel,70,7421,72.24,73,285
2023 U.S. Open,2023-06-16,2,96.0,66.5,0.0,11.9,238,Los Angeles Country Club,"Los Angeles, CA",Billy Horschel,70,7421,72.24,67,285
2023 U.S. Open,2023-06-17,3,96.0,67.0,0.0,12.1,221,Los Angeles Country Club,"Los Angeles, CA",Billy Horschel,70,7421,72.24,71,285
2023 U.S. Open,2023-06-18,4,96.0,66.8,0.0,11.1,196,Los Angeles Country Club,"Los Angeles, CA",Billy Horschel,70,7421,72.24,74,285
2023 U.S. Open,2023-06-15,1,96.0,64.2,0.016,8.6,197,Los Angeles Country Club,"Los Angeles, CA",Brian Harman,70,7421,72.24,65,285
2023 U.S. Open,2023-06-16,2,96.0,66.5,0.0,11.9,238,Los Angeles Country Club,"Los Angeles, CA",Brian Harman,70,7421,72.24,73,285
2023 U.S. Open,2023-06-17,3,96.0,67.0,0.0,12.1,221,Los Angeles Country Club,"Los Angeles, CA",Brian Harman,70,7421,72.24,72,285
2023 U.S. Open,2023-06-18,4,96.0,66.8,0.0,11.1,196,Los Angeles Country Club,"Los Angeles, CA",Brian Harman,70,7421,72.24,75,285
2023 U.S. Open,2023-06-15,1,96.0,64.2,0.016,8.6,197,Los Angeles Country Club,"Los Angeles, CA",Mackenzie Hughes,70,7421,72.24,67,286
2023 U.S. Open,2023-06-16,2,96.0,66.5,0.0,11.9,238,Los Angeles Country Club,"Los Angeles, CA",Mackenzie Hughes,70,7421,72.24,73,286
2023 U.S. Open,2023-06-17,3,96.0,67.0,0.0,12.1,221,Los Angeles Country Club,"Los Angeles, CA",Mackenzie Hughes,70,7421,72.24,75,286
2023 U.S. Open,2023-06-18,4,96.0,66.8,0.0,11.1,196,Los Angeles Country Club,"Los Angeles, CA",Mackenzie Hughes,70,7421,72.24,71,286
2023 U.S. Open,2023-06-15,1,96.0,64.2,0.016,8.6,197,Los Angeles Country Club,"Los Angeles, CA",Sebastián Muñoz,70,7421,72.24,68,286
2023 U.S. Open,2023-06-16,2,96.0,66.5,0.0,11.9,238,Los Angeles Country Club,"Los Angeles, CA",Sebastián Muñoz,70,7421,72.24,74,286
2023 U.S. Open,2023-06-17,3,96.0,67.0,0.0,12.1,221,Los Angeles Country Club,"Los Angeles, CA",Sebastián Muñoz,70,7421,72.24,72,286
2023 U.S. Open,2023-06-18,4,96.0,66.8,0.0,11.1,196,Los Angeles Country Club,"Los Angeles, CA",Sebastián Muñoz,70,7421,72.24,72,286
2023 U.S. Open,2023-06-15,1,96.0,64.2,0.016,8.6,197,Los Angeles Country Club,"Los Angeles, CA",Charley Hoffman,70,7421,72.24,71,286
2023 U.S. Open,2023-06-16,2,96.0,66.5,0.0,11.9,238,Los Angeles Country Club,"Los Angeles, CA",Charley Hoffman,70,7421,72.24,67,286
2023 U.S. Open,2023-06-17,3,96.0,67.0,0.0,12.1,221,Los Angeles Country Club,"Los Angeles, CA",Charley Hoffman,70,7421,72.24,75,286
2023 U.S. Open,2023-06-18,4,96.0,66.8,0.0,11.1,196,Los Angeles Country Club,"Los Angeles, CA",Charley Hoffman,70,7421,72.24,73,286
2023 U.S. Open,2023-06-15,1,96.0,64.2,0.016,8.6,197,Los Angeles Country Club,"Los Angeles, CA",Kevin Streelman,70,7421,72.24,72,286
2023 U.S. Open,2023-06-16,2,96.0,66.5,0.0,11.9,238,Los Angeles Country Club,"Los Angeles, CA",Kevin Streelman,70,7421,72.24,69,286
2023 U.S. Open,2023-06-17,3,96.0,67.0,0.0,12.1,221,Los Angeles Country Club,"Los Angeles, CA",Kevin Streelman,70,7421,72.24,71,286
2023 U.S. Open,2023-06-18,4,96.0,66.8,0.0,11.1,196,Los Angeles Country Club,"Los Angeles, CA",Kevin Streelman,70,7421,72.24,74,286
2023 U.S. Open,2023-06-15,1,96.0,64.2,0.016,8.6,197,Los Angeles Country Club,"Los Angeles, CA",Gary Woodland,70,7421,72.24,70,286
2023 U.S. Open,2023-06-16,2,96.0,66.5,0.0,11.9,238,Los Angeles Country Club,"Los Angeles, CA",Gary Woodland,70,7421,72.24,68,286
2023 U.S. Open,2023-06-17,3,96.0,67.0,0.0,12.1,221,Los Angeles Country Club,"Los Angeles, CA",Gary Woodland,70,7421,72.24,73,286
2023 U.S. Open,2023-06-18,4,96.0,66.8,0.0,11.1,196,Los Angeles Country Club,"Los Angeles, CA",Gary Woodland,70,7421,72.24,75,286
2023 U.S. Open,2023-06-15,1,96.0,64.2,0.016,8.6,197,Los Angeles Country Club,"Los Angeles, CA",Abraham Ancer,70,7421,72.24,70,287
2023 U.S. Open,2023-06-16,2,96.0,66.5,0.0,11.9,238,Los Angeles Country Club,"Los Angeles, CA",Abraham Ancer,70,7421,72.24,72,287
2023 U.S. Open,2023-06-17,3,96.0,67.0,0.0,12.1,221,Los Angeles Country Club,"Los Angeles, CA",Abraham Ancer,70,7421,72.24,74,287
2023 U.S. Open,2023-06-18,4,96.0,66.8,0.0,11.1,196,Los Angeles Country Club,"Los Angeles, CA",Abraham Ancer,70,7421,72.24,71,287
2023 U.S. Open,2023-06-15,1,96.0,64.2,0.016,8.6,197,Los Angeles Country Club,"Los Angeles, CA",Romain Langasque,70,7421,72.24,71,287
2023 U.S. Open,2023-06-16,2,96.0,66.5,0.0,11.9,238,Los Angeles Country Club,"Los Angeles, CA",Romain Langasque,70,7421,72.24,68,287
2023 U.S. Open,2023-06-17,3,96.0,67.0,0.0,12.1,221,Los Angeles Country Club,"Los Angeles, CA",Romain Langasque,70,7421,72.24,77,287
2023 U.S. Open,2023-06-18,4,96.0,66.8,0.0,11.1,196,Los Angeles Country Club,"Los Angeles, CA",Romain Langasque,70,7421,72.24,71,287
2023 U.S. Open,2023-06-15,1,96.0,64.2,0.016,8.6,197,Los Angeles Country Club,"Los Angeles, CA",Patrick Reed,70,7421,72.24,72,288
2023 U.S. Open,2023-06-16,2,96.0,66.5,0.0,11.9,238,Los Angeles Country Club,"Los Angeles, CA",Patrick Reed,70,7421,72.24,69,288
2023 U.S. Open,2023-06-17,3,96.0,67.0,0.0,12.1,221,Los Angeles Country Club,"Los Angeles, CA",Patrick Reed,70,7421,72.24,78,288
2023 U.S. Open,2023-06-18,4,96.0,66.8,0.0,11.1,196,Los Angeles Country Club,"Los Angeles, CA",Patrick Reed,70,7421,72.24,69,288
2023 U.S. Open,2023-06-15,1,96.0,64.2,0.016,8.6,197,Los Angeles Country Club,"Los Angeles, CA",Ryan Gerard,70,7421,72.24,69,288
2023 U.S. Open,2023-06-16,2,96.0,66.5,0.0,11.9,238,Los Angeles Country Club,"Los Angeles, CA",Ryan Gerard,70,7421,72.24,70,288
2023 U.S. Open,2023-06-17,3,96.0,67.0,0.0,12.1,221,Los Angeles Country Club,"Los Angeles, CA",Ryan Gerard,70,7421,72.24,76,288
2023 U.S. Open,2023-06-18,4,96.0,66.8,0.0,11.1,196,Los Angeles Country Club,"Los Angeles, CA",Ryan Gerard,70,7421,72.24,73,288
2023 U.S. Open,2023-06-15,1,96.0,64.2,0.016,8.6,197,Los Angeles Country Club,"Los Angeles, CA",Yuto Katsuragawa,70,7421,72.24,69,289
2023 U.S. Open,2023-06-16,2,96.0,66.5,0.0,11.9,238,Los Angeles Country Club,"Los Angeles, CA",Yuto Katsuragawa,70,7421,72.24,71,289
2023 U.S. Open,2023-06-17,3,96.0,67.0,0.0,12.1,221,Los Angeles Country Club,"Los Angeles, CA",Yuto Katsuragawa,70,7421,72.24,75,289
2023 U.S. Open,2023-06-18,4,96.0,66.8,0.0,11.1,196,Los Angeles Country Club,"Los Angeles, CA",Yuto Katsuragawa,70,7421,72.24,74,289
2023 U.S. Open,2023-06-15,1,96.0,64.2,0.016,8.6,197,Los Angeles Country Club,"Los Angeles, CA",Adam Hadwin,70,7421,72.24,70,291
2023 U.S. Open,2023-06-16,2,96.0,66.5,0.0,11.9,238,Los Angeles Country Club,"Los Angeles, CA",Adam Hadwin,70,7421,72.24,72,291
2023 U.S. Open,2023-06-17,3,96.0,67.0,0.0,12.1,221,Los Angeles Country Club,"Los Angeles, CA",Adam Hadwin,70,7421,72.24,74,291
2023 U.S. Open,2023-06-18,4,96.0,66.8,0.0,11.1,196,Los Angeles Country Club,"Los Angeles, CA",Adam Hadwin,70,7421,72.24,75,291
2023 U.S. Open,2023-06-15,1,96.0,64.2,0.016,8.6,197,Los Angeles Country Club,"Los Angeles, CA",Jacob Solomon,70,7421,72.24,68,292
2023 U.S. Open,2023-06-16,2,96.0,66.5,0.0,11.9,238,Los Angeles Country Club,"Los Angeles, CA",Jacob Solomon,70,7421,72.24,73,292
2023 U.S. Open,2023-06-17,3,96.0,67.0,0.0,12.1,221,Los Angeles Country Club,"Los Angeles, CA",Jacob Solomon,70,7421,72.24,77,292
2023 U.S. Open,2023-06-18,4,96.0,66.8,0.0,11.1,196,Los Angeles Country Club,"Los Angeles, CA",Jacob Solomon,70,7421,72.24,74,292
2023 U.S. Open,2023-06-15,1,96.0,64.2,0.016,8.6,197,Los Angeles Country Club,"Los Angeles, CA",Adam Svensson,70,7421,72.24,71,292
2023 U.S. Open,2023-06-16,2,96.0,66.5,0.0,11.9,238,Los Angeles Country Club,"Los Angeles, CA",Adam Svensson,70,7421,72.24,70,292
2023 U.S. Open,2023-06-17,3,96.0,67.0,0.0,12.1,221,Los Angeles Country Club,"Los Angeles, CA",Adam Svensson,70,7421,72.24,77,292
2023 U.S. Open,2023-06-18,4,96.0,66.8,0.0,11.1,196,Los Angeles Country Club,"Los Angeles, CA",Adam Svensson,70,7421,72.24,74,292
2023 U.S. Open,2023-06-15,1,96.0,64.2,0.016,8.6,197,Los Angeles Country Club,"Los Angeles, CA",Ben Carr,70,7421,72.24,70,293
2023 U.S. Open,2023-06-16,2,96.0,66.5,0.0,11.9,238,Los Angeles Country Club,"Los Angeles, CA",Ben Carr,70,7421,72.24,72,293
2023 U.S. Open,2023-06-17,3,96.0,67.0,0.0,12.1,221,Los Angeles Country Club,"Los Angeles, CA",Ben Carr,70,7421,72.24,75,293
2023 U.S. Open,2023-06-18,4,96.0,66.8,0.0,11.1,196,Los Angeles Country Club,"Los Angeles, CA",Ben Carr,70,7421,72.24,76,293
2023 U.S. Open,2023-06-15,1,96.0,64.2,0.016,8.6,197,Los Angeles Country Club,"Los Angeles, CA",Ryo Ishikawa,70,7421,72.24,69,294
2023 U.S. Open,2023-06-16,2,96.0,66.5,0.0,11.9,238,Los Angeles Country Club,"Los Angeles, CA",Ryo Ishikawa,70,7421,72.24,73,294
2023 U.S. Open,2023-06-17,3,96.0,67.0,0.0,12.1,221,Los Angeles Country Club,"Los Angeles, CA",Ryo Ishikawa,70,7421,72.24,78,294
2023 U.S. Open,2023-06-18,4,96.0,66.8,0.0,11.1,196,Los Angeles Country Club,"Los Angeles, CA",Ryo Ishikawa,70,7421,72.24,74,294
2023 U.S. Open,2023-06-15,1,96.0,64.2,0.016,8.6,197,Los Angeles Country Club,"Los Angeles, CA",Aldrich Potgieter,70,7421,72.24,70,295
2023 U.S. Open,2023-06-16,2,96.0,66.5,0.0,11.9,238,Los Angeles Country Club,"Los Angeles, CA",Aldrich Potgieter,70,7421,72.24,72,295
2023 U.S. Open,2023-06-17,3,96.0,67.0,0.0,12.1,221,Los Angeles Country Club,"Los Angeles, CA",Aldrich Potgieter,70,7421,72.24,74,295
2023 U.S. Open,2023-06-18,4,96.0,66.8,0.0,11.1,196,Los Angeles Country Club,"Los Angeles, CA",Aldrich Potgieter,70,7421,72.24,79,295
2023 U.S. Open,2023-06-15,1,96.0,64.2,0.016,8.6,197,Los Angeles Country Club,"Los Angeles, CA",Maxwell Moldovan,70,7421,72.24,71,297
2023 U.S. Open,2023-06-16,2,96.0,66.5,0.0,11.9,238,Los Angeles Country Club,"Los Angeles, CA",Maxwell Moldovan,70,7421,72.24,71,297
2023 U.S. Open,2023-06-17,3,96.0,67.0,0.0,12.1,221,Los Angeles Country Club,"Los Angeles, CA",Maxwell Moldovan,70,7421,72.24,76,297
2023 U.S. Open,2023-06-18,4,96.0,66.8,0.0,11.1,196,Los Angeles Country Club,"Los Angeles, CA",Maxwell Moldovan,70,7421,72.24,79,297
2023 U.S. Open,2023-06-15,1,96.0,64.2,0.016,8.6,197,Los Angeles Country Club,"Los Angeles, CA",Kyle Mueller,70,7421,72.24,76,143
2023 U.S. Open,2023-06-16,2,96.0,66.5,0.0,11.9,238,Los Angeles Country Club,"Los Angeles, CA",Kyle Mueller,70,7421,72.24,67,143
2023 U.S. Open,2023-06-15,1,96.0,64.2,0.016,8.6,197,Los Angeles Country Club,"Los Angeles, CA",Nico Echavarria,70,7421,72.24,72,143
2023 U.S. Open,2023-06-16,2,96.0,66.5,0.0,11.9,238,Los Angeles Country Club,"Los Angeles, CA",Nico Echavarria,70,7421,72.24,71,143
2023 U.S. Open,2023-06-15,1,96.0,64.2,0.016,8.6,197,Los Angeles Country Club,"Los Angeles, CA",Jordan Spieth,70,7421,72.24,72,143
2023 U.S. Open,2023-06-16,2,96.0,66.5,0.0,11.9,238,Los Angeles Country Club,"Los Angeles, CA",Jordan Spieth,70,7421,72.24,71,143
2023 U.S. Open,2023-06-15,1,96.0,64.2,0.016,8.6,197,Los Angeles Country Club,"Los Angeles, CA",Davis Thompson,70,7421,72.24,72,143
2023 U.S. Open,2023-06-16,2,96.0,66.5,0.0,11.9,238,Los Angeles Country Club,"Los Angeles, CA",Davis Thompson,70,7421,72.24,71,143
2023 U.S. Open,2023-06-15,1,96.0,64.2,0.016,8.6,197,Los Angeles Country Club,"Los Angeles, CA",Mito Pereira,70,7421,72.24,71,143
2023 U.S. Open,2023-06-16,2,96.0,66.5,0.0,11.9,238,Los Angeles Country Club,"Los Angeles, CA",Mito Pereira,70,7421,72.24,72,143
2023 U.S. Open,2023-06-15,1,96.0,64.2,0.016,8.6,197,Los Angeles Country Club,"Los Angeles, CA",Taylor Moore,70,7421,72.24,71,143
2023 U.S. Open,2023-06-16,2,96.0,66.5,0.0,11.9,238,Los Angeles Country Club,"Los Angeles, CA",Taylor Moore,70,7421,72.24,72,143
2023 U.S. Open,2023-06-15,1,96.0,64.2,0.016,8.6,197,Los Angeles Country Club,"Los Angeles, CA",Vincent Norrman,70,7421,72.24,70,143
2023 U.S. Open,2023-06-16,2,96.0,66.5,0.0,11.9,238,Los Angeles Country Club,"Los Angeles, CA",Vincent Norrman,70,7421,72.24,73,143
2023 U.S. Open,2023-06-15,1,96.0,64.2,0.016,8.6,197,Los Angeles Country Club,"Los Angeles, CA",Thriston Lawrence,70,7421,72.24,70,143
2023 U.S. Open,2023-06-16,2,96.0,66.5,0.0,11.9,238,Los Angeles Country Club,"Los Angeles, CA",Thriston Lawrence,70,7421,72.24,73,143
2023 U.S. Open,2023-06-15,1,96.0,64.2,0.016,8.6,197,Los Angeles Country Club,"Los Angeles, CA",Adrian Meronk,70,7421,72.24,70,143
2023 U.S. Open,2023-06-16,2,96.0,66.5,0.0,11.9,238,Los Angeles Country Club,"Los Angeles, CA",Adrian Meronk,70,7421,72.24,73,143
2023 U.S. Open,2023-06-15,1,96.0,64.2,0.016,8.6,197,Los Angeles Country Club,"Los Angeles, CA",Patrick Cover,70,7421,72.24,70,143
2023 U.S. Open,2023-06-16,2,96.0,66.5,0.0,11.9,238,Los Angeles Country Club,"Los Angeles, CA",Patrick Cover,70,7421,72.24,73,143
2023 U.S. Open,2023-06-15,1,96.0,64.2,0.016,8.6,197,Los Angeles Country Club,"Los Angeles, CA",Andrew Svoboda,70,7421,72.24,70,143
2023 U.S. Open,2023-06-16,2,96.0,66.5,0.0,11.9,238,Los Angeles Country Club,"Los Angeles, CA",Andrew Svoboda,70,7421,72.24,73,143
2023 U.S. Open,2023-06-15,1,96.0,64.2,0.016,8.6,197,Los Angeles Country Club,"Los Angeles, CA",Phil Mickelson,70,7421,72.24,69,143
2023 U.S. Open,2023-06-16,2,96.0,66.5,0.0,11.9,238,Los Angeles Country Club,"Los Angeles, CA",Phil Mickelson,70,7421,72.24,74,143
2023 U.S. Open,2023-06-15,1,96.0,64.2,0.016,8.6,197,Los Angeles Country Club,"Los Angeles, CA",Alex Noren,70,7421,72.24,68,143
2023 U.S. Open,2023-06-16,2,96.0,66.5,0.0,11.9,238,Los Angeles Country Club,"Los Angeles, CA",Alex Noren,70,7421,72.24,75,143
2023 U.S. Open,2023-06-15,1,96.0,64.2,0.016,8.6,197,Los Angeles Country Club,"Los Angeles, CA",Paul Barjon,70,7421,72.24,67,143
2023 U.S. Open,2023-06-16,2,96.0,66.5,0.0,11.9,238,Los Angeles Country Club,"Los Angeles, CA",Paul Barjon,70,7421,72.24,76,143
2023 U.S. Open,2023-06-15,1,96.0,64.2,0.016,8.6,197,Los Angeles Country Club,"Los Angeles, CA",Justin Rose,70,7421,72.24,76,144
2023 U.S. Open,2023-06-16,2,96.0,66.5,0.0,11.9,238,Los Angeles Country Club,"Los Angeles, CA",Justin Rose,70,7421,72.24,68,144
2023 U.S. Open,2023-06-15,1,96.0,64.2,0.016,8.6,197,Los Angeles Country Club,"Los Angeles, CA",Adam Schenk,70,7421,72.24,75,144
2023 U.S. Open,2023-06-16,2,96.0,66.5,0.0,11.9,238,Los Angeles Country Club,"Los Angeles, CA",Adam Schenk,70,7421,72.24,69,144
2023 U.S. Open,2023-06-15,1,96.0,64.2,0.016,8.6,197,Los Angeles Country Club,"Los Angeles, CA",Nick Taylor,70,7421,72.24,72,144
2023 U.S. Open,2023-06-16,2,96.0,66.5,0.0,11.9,238,Los Angeles Country Club,"Los Angeles, CA",Nick Taylor,70,7421,72.24,72,144
2023 U.S. Open,2023-06-15,1,96.0,64.2,0.016,8.6,197,Los Angeles Country Club,"Los Angeles, CA",Tom Hoge,70,7421,72.24,72,144
2023 U.S. Open,2023-06-16,2,96.0,66.5,0.0,11.9,238,Los Angeles Country Club,"Los Angeles, CA",Tom Hoge,70,7421,72.24,72,144
2023 U.S. Open,2023-06-15,1,96.0,64.2,0.016,8.6,197,Los Angeles Country Club,"Los Angeles, CA",Séamus Power,70,7421,72.24,72,144
2023 U.S. Open,2023-06-16,2,96.0,66.5,0.0,11.9,238,Los Angeles Country Club,"Los Angeles, CA",Séamus Power,70,7421,72.24,72,144
2023 U.S. Open,2023-06-15,1,96.0,64.2,0.016,8.6,197,Los Angeles Country Club,"Los Angeles, CA",Simon Forsström,70,7421,72.24,71,144
2023 U.S. Open,2023-06-16,2,96.0,66.5,0.0,11.9,238,Los Angeles Country Club,"Los Angeles, CA",Simon Forsström,70,7421,72.24,73,144
2023 U.S. Open,2023-06-15,1,96.0,64.2,0.016,8.6,197,Los Angeles Country Club,"Los Angeles, CA",Chris Kirk,70,7421,72.24,71,144
2023 U.S. Open,2023-06-16,2,96.0,66.5,0.0,11.9,238,Los Angeles Country Club,"Los Angeles, CA",Chris Kirk,70,7421,72.24,73,144
2023 U.S. Open,2023-06-15,1,96.0,64.2,0.016,8.6,197,Los Angeles Country Club,"Los Angeles, CA",J.J. Grey,70,7421,72.24,71,144
2023 U.S. Open,2023-06-16,2,96.0,66.5,0.0,11.9,238,Los Angeles Country Club,"Los Angeles, CA",J.J. Grey,70,7421,72.24,73,144
2023 U.S. Open,2023-06-15,1,96.0,64.2,0.016,8.6,197,Los Angeles Country Club,"Los Angeles, CA",Thomas Pieters,70,7421,72.24,71,144
2023 U.S. Open,2023-06-16,2,96.0,66.5,0.0,11.9,238,Los Angeles Country Club,"Los Angeles, CA",Thomas Pieters,70,7421,72.24,73,144
2023 U.S. Open,2023-06-15,1,96.0,64.2,0.016,8.6,197,Los Angeles Country Club,"Los Angeles, CA",Sepp Straka,70,7421,72.24,70,144
2023 U.S. Open,2023-06-16,2,96.0,66.5,0.0,11.9,238,Los Angeles Country Club,"Los Angeles, CA",Sepp Straka,70,7421,72.24,74,144
2023 U.S. Open,2023-06-15,1,96.0,64.2,0.016,8.6,197,Los Angeles Country Club,"Los Angeles, CA",Corey Conners,70,7421,72.24,70,144
2023 U.S. Open,2023-06-16,2,96.0,66.5,0.0,11.9,238,Los Angeles Country Club,"Los Angeles, CA",Corey Conners,70,7421,72.24,74,144
2023 U.S. Open,2023-06-15,1,96.0,64.2,0.016,8.6,197,Los Angeles Country Club,"Los Angeles, CA",Max Homa,70,7421,72.24,68,144
2023 U.S. Open,2023-06-16,2,96.0,66.5,0.0,11.9,238,Los Angeles Country Club,"Los Angeles, CA",Max Homa,70,7421,72.24,76,144
2023 U.S. Open,2023-06-15,1,96.0,64.2,0.016,8.6,197,Los Angeles Country Club,"Los Angeles, CA",Wilco Nienaber,70,7421,72.24,75,145
2023 U.S. Open,2023-06-16,2,96.0,66.5,0.0,11.9,238,Los Angeles Country Club,"Los Angeles, CA",Wilco Nienaber,70,7421,72.24,70,145
2023 U.S. Open,2023-06-15,1,96.0,64.2,0.016,8.6,197,Los Angeles Country Club,"Los Angeles, CA",Kurt Kitayama,70,7421,72.24,75,145
2023 U.S. Open,2023-06-16,2,96.0,66.5,0.0,11.9,238,Los Angeles Country Club,"Los Angeles, CA",Kurt Kitayama,70,7421,72.24,70,145
2023 U.S. Open,2023-06-15,1,96.0,64.2,0.016,8.6,197,Los Angeles Country Club,"Los Angeles, CA",Emiliano Grillo,70,7421,72.24,74,145
2023 U.S. Open,2023-06-16,2,96.0,66.5,0.0,11.9,238,Los Angeles Country Club,"Los Angeles, CA",Emiliano Grillo,70,7421,72.24,71,145
2023 U.S. Open,2023-06-15,1,96.0,64.2,0.016,8.6,197,Los Angeles Country Club,"Los Angeles, CA",J.T. Poston,70,7421,72.24,74,145
2023 U.S. Open,2023-06-16,2,96.0,66.5,0.0,11.9,238,Los Angeles Country Club,"Los Angeles, CA",J.T. Poston,70,7421,72.24,71,145
2023 U.S. Open,2023-06-15,1,96.0,64.2,0.016,8.6,197,Los Angeles Country Club,"Los Angeles, CA",Ross Fisher,70,7421,72.24,73,145
2023 U.S. Open,2023-06-16,2,96.0,66.5,0.0,11.9,238,Los Angeles Country Club,"Los Angeles, CA",Ross Fisher,70,7421,72.24,72,145
2023 U.S. Open,2023-06-15,1,96.0,64.2,0.016,8.6,197,Los Angeles Country Club,"Los Angeles, CA",Adam Scott,70,7421,72.24,73,145
2023 U.S. Open,2023-06-16,2,96.0,66.5,0.0,11.9,238,Los Angeles Country Club,"Los Angeles, CA",Adam Scott,70,7421,72.24,72,145
2023 U.S. Open,2023-06-15,1,96.0,64.2,0.016,8.6,197,Los Angeles Country Club,"Los Angeles, CA",Taylor Pendrith,70,7421,72.24,72,145
2023 U.S. Open,2023-06-16,2,96.0,66.5,0.0,11.9,238,Los Angeles Country Club,"Los Angeles, CA",Taylor Pendrith,70,7421,72.24,73,145
2023 U.S. Open,2023-06-15,1,96.0,64.2,0.016,8.6,197,Los Angeles Country Club,"Los Angeles, CA",Austen Truslow,70,7421,72.24,72,145
2023 U.S. Open,2023-06-16,2,96.0,66.5,0.0,11.9,238,Los Angeles Country Club,"Los Angeles, CA",Austen Truslow,70,7421,72.24,73,145
2023 U.S. Open,2023-06-15,1,96.0,64.2,0.016,8.6,197,Los Angeles Country Club,"Los Angeles, CA",Deon Germishuys,70,7421,72.24,72,145
2023 U.S. Open,2023-06-16,2,96.0,66.5,0.0,11.9,238,Los Angeles Country Club,"Los Angeles, CA",Deon Germishuys,70,7421,72.24,73,145
2023 U.S. Open,2023-06-15,1,96.0,64.2,0.016,8.6,197,Los Angeles Country Club,"Los Angeles, CA",Roger Sloan,70,7421,72.24,72,145
2023 U.S. Open,2023-06-16,2,96.0,66.5,0.0,11.9,238,Los Angeles Country Club,"Los Angeles, CA",Roger Sloan,70,7421,72.24,73,145
2023 U.S. Open,2023-06-15,1,96.0,64.2,0.016,8.6,197,Los Angeles Country Club,"Los Angeles, CA",Francesco Molinari,70,7421,72.24,72,145
2023 U.S. Open,2023-06-16,2,96.0,66.5,0.0,11.9,238,Los Angeles Country Club,"Los Angeles, CA",Francesco Molinari,70,7421,72.24,73,145
2023 U.S. Open,2023-06-15,1,96.0,64.2,0.016,8.6,197,Los Angeles Country Club,"Los Angeles, CA",Scott Stallings,70,7421,72.24,71,145
2023 U.S. Open,2023-06-16,2,96.0,66.5,0.0,11.9,238,Los Angeles Country Club,"Los Angeles, CA",Scott Stallings,70,7421,72.24,74,145
2023 U.S. Open,2023-06-15,1,96.0,64.2,0.016,8.6,197,Los Angeles Country Club,"Los Angeles, CA",Barclay Brown,70,7421,72.24,71,145
2023 U.S. Open,2023-06-16,2,96.0,66.5,0.0,11.9,238,Los Angeles Country Club,"Los Angeles, CA",Barclay Brown,70,7421,72.24,74,145
2023 U.S. Open,2023-06-15,1,96.0,64.2,0.016,8.6,197,Los Angeles Country Club,"Los Angeles, CA",Lucas Herbert,70,7421,72.24,70,145
2023 U.S. Open,2023-06-16,2,96.0,66.5,0.0,11.9,238,Los Angeles Country Club,"Los Angeles, CA",Lucas Herbert,70,7421,72.24,75,145
2023 U.S. Open,2023-06-15,1,96.0,64.2,0.016,8.6,197,Los Angeles Country Club,"Los Angeles, CA",Stewart Cink,70,7421,72.24,70,145
2023 U.S. Open,2023-06-16,2,96.0,66.5,0.0,11.9,238,Los Angeles Country Club,"Los Angeles, CA",Stewart Cink,70,7421,72.24,75,145
2023 U.S. Open,2023-06-15,1,96.0,64.2,0.016,8.6,197,Los Angeles Country Club,"Los Angeles, CA",Mac Meissner,70,7421,72.24,70,145
2023 U.S. Open,2023-06-16,2,96.0,66.5,0.0,11.9,238,Los Angeles Country Club,"Los Angeles, CA",Mac Meissner,70,7421,72.24,75,145
2023 U.S. Open,2023-06-15,1,96.0,64.2,0.016,8.6,197,Los Angeles Country Club,"Los Angeles, CA",Luke List,70,7421,72.24,75,146
2023 U.S. Open,2023-06-16,2,96.0,66.5,0.0,11.9,238,Los Angeles Country Club,"Los Angeles, CA",Luke List,70,7421,72.24,71,146
2023 U.S. Open,2023-06-15,1,96.0,64.2,0.016,8.6,197,Los Angeles Country Club,"Los Angeles, CA",Michael Thorbjornsen,70,7421,72.24,74,146
2023 U.S. Open,2023-06-16,2,96.0,66.5,0.0,11.9,238,Los Angeles Country Club,"Los Angeles, CA",Michael Thorbjornsen,70,7421,72.24,72,146
2023 U.S. Open,2023-06-15,1,96.0,64.2,0.016,8.6,197,Los Angeles Country Club,"Los Angeles, CA",Preston Summerhays (a),70,7421,72.24,73,146
2023 U.S. Open,2023-06-16,2,96.0,66.5,0.0,11.9,238,Los Angeles Country Club,"Los Angeles, CA",Preston Summerhays (a),70,7421,72.24,73,146
2023 U.S. Open,2023-06-15,1,96.0,64.2,0.016,8.6,197,Los Angeles Country Club,"Los Angeles, CA",Martin Kaymer,70,7421,72.24,73,146
2023 U.S. Open,2023-06-16,2,96.0,66.5,0.0,11.9,238,Los Angeles Country Club,"Los Angeles, CA",Martin Kaymer,70,7421,72.24,73,146
2023 U.S. Open,2023-06-15,1,96.0,64.2,0.016,8.6,197,Los Angeles Country Club,"Los Angeles, CA",Bastien Amat (a),70,7421,72.24,73,146
2023 U.S. Open,2023-06-16,2,96.0,66.5,0.0,11.9,238,Los Angeles Country Club,"Los Angeles, CA",Bastien Amat (a),70,7421,72.24,73,146
2023 U.S. Open,2023-06-15,1,96.0,64.2,0.016,8.6,197,Los Angeles Country Club,"Los Angeles, CA",Brent Grant,70,7421,72.24,72,146
2023 U.S. Open,2023-06-16,2,96.0,66.5,0.0,11.9,238,Los Angeles Country Club,"Los Angeles, CA",Brent Grant,70,7421,72.24,74,146
2023 U.S. Open,2023-06-15,1,96.0,64.2,0.016,8.6,197,Los Angeles Country Club,"Los Angeles, CA",Keegan Bradley,70,7421,72.24,72,146
2023 U.S. Open,2023-06-16,2,96.0,66.5,0.0,11.9,238,Los Angeles Country Club,"Los Angeles, CA",Keegan Bradley,70,7421,72.24,74,146
2023 U.S. Open,2023-06-15,1,96.0,64.2,0.016,8.6,197,Los Angeles Country Club,"Los Angeles, CA",Matt Kuchar,70,7421,72.24,72,146
2023 U.S. Open,2023-06-16,2,96.0,66.5,0.0,11.9,238,Los Angeles Country Club,"Los Angeles, CA",Matt Kuchar,70,7421,72.24,74,146
2023 U.S. Open,2023-06-15,1,96.0,64.2,0.016,8.6,197,Los Angeles Country Club,"Los Angeles, CA",Jordan Gumberg,70,7421,72.24,72,146
2023 U.S. Open,2023-06-16,2,96.0,66.5,0.0,11.9,238,Los Angeles Country Club,"Los Angeles, CA",Jordan Gumberg,70,7421,72.24,74,146
2023 U.S. Open,2023-06-15,1,96.0,64.2,0.016,8.6,197,Los Angeles Country Club,"Los Angeles, CA",Taylor Montgomery,70,7421,72.24,71,146
2023 U.S. Open,2023-06-16,2,96.0,66.5,0.0,11.9,238,Los Angeles Country Club,"Los Angeles, CA",Taylor Montgomery,70,7421,72.24,75,146
2023 U.S. Open,2023-06-15,1,96.0,64.2,0.016,8.6,197,Los Angeles Country Club,"Los Angeles, CA",Sungjae Im,70,7421,72.24,71,146
2023 U.S. Open,2023-06-16,2,96.0,66.5,0.0,11.9,238,Los Angeles Country Club,"Los Angeles, CA",Sungjae Im,70,7421,72.24,75,146
2023 U.S. Open,2023-06-15,1,96.0,64.2,0.016,8.6,197,Los Angeles Country Club,"Los Angeles, CA",Olin Browne Jr.,70,7421,72.24,75,147
2023 U.S. Open,2023-06-16,2,96.0,66.5,0.0,11.9,238,Los Angeles Country Club,"Los Angeles, CA",Olin Browne Jr.,70,7421,72.24,72,147
2023 U.S. Open,2023-06-15,1,96.0,64.2,0.016,8.6,197,Los Angeles Country Club,"Los Angeles, CA",Michael Kim,70,7421,72.24,74,147
2023 U.S. Open,2023-06-16,2,96.0,66.5,0.0,11.9,238,Los Angeles Country Club,"Los Angeles, CA",Michael Kim,70,7421,72.24,73,147
2023 U.S. Open,2023-06-15,1,96.0,64.2,0.016,8.6,197,Los Angeles Country Club,"Los Angeles, CA",Ryan Armour,70,7421,72.24,74,147
2023 U.S. Open,2023-06-16,2,96.0,66.5,0.0,11.9,238,Los Angeles Country Club,"Los Angeles, CA",Ryan Armour,70,7421,72.24,73,147
2023 U.S. Open,2023-06-15,1,96.0,64.2,0.016,8.6,197,Los Angeles Country Club,"Los Angeles, CA",Jens Dantorp,70,7421,72.24,74,147
2023 U.S. Open,2023-06-16,2,96.0,66.5,0.0,11.9,238,Los Angeles Country Club,"Los Angeles, CA",Jens Dantorp,70,7421,72.24,73,147
2023 U.S. Open,2023-06-15,1,96.0,64.2,0.016,8.6,197,Los Angeles Country Club,"Los Angeles, CA",David Nyfjall,70,7421,72.24,73,147
2023 U.S. Open,2023-06-16,2,96.0,66.5,0.0,11.9,238,Los Angeles Country Club,"Los Angeles, CA",David Nyfjall,70,7421,72.24,74,147
2023 U.S. Open,2023-06-15,1,96.0,64.2,0.016,8.6,197,Los Angeles Country Club,"Los Angeles, CA",Gunn Charoenkul,70,7421,72.24,73,147
2023 U.S. Open,2023-06-16,2,96.0,66.5,0.0,11.9,238,Los Angeles Country Club,"Los Angeles, CA",Gunn Charoenkul,70,7421,72.24,74,147
2023 U.S. Open,2023-06-15,1,96.0,64.2,0.016,8.6,197,Los Angeles Country Club,"Los Angeles, CA",Jesse Schutte,70,7421,72.24,72,147
2023 U.S. Open,2023-06-16,2,96.0,66.5,0.0,11.9,238,Los Angeles Country Club,"Los Angeles, CA",Jesse Schutte,70,7421,72.24,75,147
2023 U.S. Open,2023-06-15,1,96.0,64.2,0.016,8.6,197,Los Angeles Country Club,"Los Angeles, CA",Corey Pereira,70,7421,72.24,71,147
2023 U.S. Open,2023-06-16,2,96.0,66.5,0.0,11.9,238,Los Angeles Country Club,"Los Angeles, CA",Corey Pereira,70,7421,72.24,76,147
2023 U.S. Open,2023-06-15,1,96.0,64.2,0.016,8.6,197,Los Angeles Country Club,"Los Angeles, CA",Alejandro Del Rey,70,7421,72.24,68,147
2023 U.S. Open,2023-06-16,2,96.0,66.5,0.0,11.9,238,Los Angeles Country Club,"Los Angeles, CA",Alejandro Del Rey,70,7421,72.24,79,147
2023 U.S. Open,2023-06-15,1,96.0,64.2,0.016,8.6,197,Los Angeles Country Club,"Los Angeles, CA",Nick Dunlap,70,7421,72.24,77,148
2023 U.S. Open,2023-06-16,2,96.0,66.5,0.0,11.9,238,Los Angeles Country Club,"Los Angeles, CA",Nick Dunlap,70,7421,72.24,71,148
2023 U.S. Open,2023-06-15,1,96.0,64.2,0.016,8.6,197,Los Angeles Country Club,"Los Angeles, CA",Mateo Fernandez de Oliveira,70,7421,72.24,74,148
2023 U.S. Open,2023-06-16,2,96.0,66.5,0.0,11.9,238,Los Angeles Country Club,"Los Angeles, CA",Mateo Fernandez de Oliveira,70,7421,72.24,74,148
2023 U.S. Open,2023-06-15,1,96.0,64.2,0.016,8.6,197,Los Angeles Country Club,"Los Angeles, CA",K.H. Lee,70,7421,72.24,73,148
2023 U.S. Open,2023-06-16,2,96.0,66.5,0.0,11.9,238,Los Angeles Country Club,"Los Angeles, CA",K.H. Lee,70,7421,72.24,75,148
2023 U.S. Open,2023-06-15,1,96.0,64.2,0.016,8.6,197,Los Angeles Country Club,"Los Angeles, CA",Pablo Larrazábal,70,7421,72.24,71,148
2023 U.S. Open,2023-06-16,2,96.0,66.5,0.0,11.9,238,Los Angeles Country Club,"Los Angeles, CA",Pablo Larrazábal,70,7421,72.24,77,148
2023 U.S. Open,2023-06-15,1,96.0,64.2,0.016,8.6,197,Los Angeles Country Club,"Los Angeles, CA",Carlos Ortiz,70,7421,72.24,76,149
2023 U.S. Open,2023-06-16,2,96.0,66.5,0.0,11.9,238,Los Angeles Country Club,"Los Angeles, CA",Carlos Ortiz,70,7421,72.24,73,149
2023 U.S. Open,2023-06-15,1,96.0,64.2,0.016,8.6,197,Los Angeles Country Club,"Los Angeles, CA",Karl Vilips,70,7421,72.24,74,149
2023 U.S. Open,2023-06-16,2,96.0,66.5,0.0,11.9,238,Los Angeles Country Club,"Los Angeles, CA",Karl Vilips,70,7421,72.24,75,149
2023 U.S. Open,2023-06-15,1,96.0,64.2,0.016,8.6,197,Los Angeles Country Club,"Los Angeles, CA",Michael Brennan (a),70,7421,72.24,74,149
2023 U.S. Open,2023-06-16,2,96.0,66.5,0.0,11.9,238,Los Angeles Country Club,"Los Angeles, CA",Michael Brennan (a),70,7421,72.24,75,149
2023 U.S. Open,2023-06-15,1,96.0,64.2,0.016,8.6,197,Los Angeles Country Club,"Los Angeles, CA",Paul Haley II,70,7421,72.24,73,149
2023 U.S. Open,2023-06-16,2,96.0,66.5,0.0,11.9,238,Los Angeles Country Club,"Los Angeles, CA",Paul Haley II,70,7421,72.24,76,149
2023 U.S. Open,2023-06-15,1,96.0,64.2,0.016,8.6,197,Los Angeles Country Club,"Los Angeles, CA",Jason Day,70,7421,72.24,73,149
2023 U.S. Open,2023-06-16,2,96.0,66.5,0.0,11.9,238,Los Angeles Country Club,"Los Angeles, CA",Jason Day,70,7421,72.24,76,149
2023 U.S. Open,2023-06-15,1,96.0,64.2,0.016,8.6,197,Los Angeles Country Club,"Los Angeles, CA",Christian Cavaliere (a),70,7421,72.24,72,149
2023 U.S. Open,2023-06-16,2,96.0,66.5,0.0,11.9,238,Los Angeles Country Club,"Los Angeles, CA",Christian Cavaliere (a),70,7421,72.24,77,149
2023 U.S. Open,2023-06-15,1,96.0,64.2,0.016,8.6,197,Los Angeles Country Club,"Los Angeles, CA",Wenyi Ding (a),70,7421,72.24,72,149
2023 U.S. Open,2023-06-16,2,96.0,66.5,0.0,11.9,238,Los Angeles Country Club,"Los Angeles, CA",Wenyi Ding (a),70,7421,72.24,77,149
2023 U.S. Open,2023-06-15,1,96.0,64.2,0.016,8.6,197,Los Angeles Country Club,"Los Angeles, CA",Omar Morales (a),70,7421,72.24,71,149
2023 U.S. Open,2023-06-16,2,96.0,66.5,0.0,11.9,238,Los Angeles Country Club,"Los Angeles, CA",Omar Morales (a),70,7421,72.24,78,149
2023 U.S. Open,2023-06-15,1,96.0,64.2,0.016,8.6,197,Los Angeles Country Club,"Los Angeles, CA",Matthieu Pavon,70,7421,72.24,71,149
2023 U.S. Open,2023-06-16,2,96.0,66.5,0.0,11.9,238,Los Angeles Country Club,"Los Angeles, CA",Matthieu Pavon,70,7421,72.24,78,149
2023 U.S. Open,2023-06-15,1,96.0,64.2,0.016,8.6,197,Los Angeles Country Club,"Los Angeles, CA",Aaron Wise,70,7421,72.24,79,150
2023 U.S. Open,2023-06-16,2,96.0,66.5,0.0,11.9,238,Los Angeles Country Club,"Los Angeles, CA",Aaron Wise,70,7421,72.24,71,150
2023 U.S. Open,2023-06-15,1,96.0,64.2,0.016,8.6,197,Los Angeles Country Club,"Los Angeles, CA",Berry Henson,70,7421,72.24,74,150
2023 U.S. Open,2023-06-16,2,96.0,66.5,0.0,11.9,238,Los Angeles Country Club,"Los Angeles, CA",Berry Henson,70,7421,72.24,76,150
2023 U.S. Open,2023-06-15,1,96.0,64.2,0.016,8.6,197,Los Angeles Country Club,"Los Angeles, CA",Carson Young,70,7421,72.24,74,150
2023 U.S. Open,2023-06-16,2,96.0,66.5,0.0,11.9,238,Los Angeles Country Club,"Los Angeles, CA",Carson Young,70,7421,72.24,76,150
2023 U.S. Open,2023-06-15,1,96.0,64.2,0.016,8.6,197,Los Angeles Country Club,"Los Angeles, CA",Frankie Capan III,70,7421,72.24,78,151
2023 U.S. Open,2023-06-16,2,96.0,66.5,0.0,11.9,238,Los Angeles Country Club,"Los Angeles, CA",Frankie Capan III,70,7421,72.24,73,151
2023 U.S. Open,2023-06-15,1,96.0,64.2,0.016,8.6,197,Los Angeles Country Club,"Los Angeles, CA",Alex Schaake,70,7421,72.24,77,151
2023 U.S. Open,2023-06-16,2,96.0,66.5,0.0,11.9,238,Los Angeles Country Club,"Los Angeles, CA",Alex Schaake,70,7421,72.24,74,151
2023 U.S. Open,2023-06-15,1,96.0,64.2,0.016,8.6,197,Los Angeles Country Club,"Los Angeles, CA",Hayden Buckley,70,7421,72.24,77,151
2023 U.S. Open,2023-06-16,2,96.0,66.5,0.0,11.9,238,Los Angeles Country Club,"Los Angeles, CA",Hayden Buckley,70,7421,72.24,74,151
2023 U.S. Open,2023-06-15,1,96.0,64.2,0.016,8.6,197,Los Angeles Country Club,"Los Angeles, CA",Victor Perez,70,7421,72.24,76,151
2023 U.S. Open,2023-06-16,2,96.0,66.5,0.0,11.9,238,Los Angeles Country Club,"Los Angeles, CA",Victor Perez,70,7421,72.24,75,151
2023 U.S. Open,2023-06-15,1,96.0,64.2,0.016,8.6,197,Los Angeles Country Club,"Los Angeles, CA",Matthew McClean (a),70,7421,72.24,73,151
2023 U.S. Open,2023-06-16,2,96.0,66.5,0.0,11.9,238,Los Angeles Country Club,"Los Angeles, CA",Matthew McClean (a),70,7421,72.24,78,151
2023 U.S. Open,2023-06-15,1,96.0,64.2,0.016,8.6,197,Los Angeles Country Club,"Los Angeles, CA",Cam Davis,70,7421,72.24,72,151
2023 U.S. Open,2023-06-16,2,96.0,66.5,0.0,11.9,238,Los Angeles Country Club,"Los Angeles, CA",Cam Davis,70,7421,72.24,79,151
2023 U.S. Open,2023-06-15,1,96.0,64.2,0.016,8.6,197,Los Angeles Country Club,"Los Angeles, CA",Joel Dahmen,70,7421,72.24,74,152
2023 U.S. Open,2023-06-16,2,96.0,66.5,0.0,11.9,238,Los Angeles Country Club,"Los Angeles, CA",Joel Dahmen,70,7421,72.24,78,152
2023 U.S. Open,2023-06-15,1,96.0,64.2,0.016,8.6,197,Los Angeles Country Club,"Los Angeles, CA",Alexander Yang (a),70,7421,72.24,79,153
2023 U.S. Open,2023-06-16,2,96.0,66.5,0.0,11.9,238,Los Angeles Country Club,"Los Angeles, CA",Alexander Yang (a),70,7421,72.24,74,153
2023 U.S. Open,2023-06-15,1,96.0,64.2,0.016,8.6,197,Los Angeles Country Club,"Los Angeles, CA",Isaac Simmons (a),70,7421,72.24,77,154
2023 U.S. Open,2023-06-16,2,96.0,66.5,0.0,11.9,238,Los Angeles Country Club,"Los Angeles, CA",Isaac Simmons (a),70,7421,72.24,77,154
2023 U.S. Open,2023-06-15,1,96.0,64.2,0.016,8.6,197,Los Angeles Country Club,"Los Angeles, CA",Justin Thomas,70,7421,72.24,73,154
2023 U.S. Open,2023-06-16,2,96.0,66.5,0.0,11.9,238,Los Angeles Country Club,"Los Angeles, CA",Justin Thomas,70,7421,72.24,81,154
2023 U.S. Open,2023-06-15,1,96.0,64.2,0.016,8.6,197,Los Angeles Country Club,"Los Angeles, CA",Brendan Valdes (a),70,7421,72.24,78,156
2023 U.S. Open,2023-06-16,2,96.0,66.5,0.0,11.9,238,Los Angeles Country Club,"Los Angeles, CA",Brendan Valdes (a),70,7421,72.24,78,156
2023 U.S. Open,2023-06-15,1,96.0,64.2,0.016,8.6,197,Los Angeles Country Club,"Los Angeles, CA",David Horsey,70,7421,72.24,77,156
2023 U.S. Open,2023-06-16,2,96.0,66.5,0.0,11.9,238,Los Angeles Country Club,"Los Angeles, CA",David Horsey,70,7421,72.24,79,156
2023 U.S. Open,2023-06-15,1,96.0,64.2,0.016,8.6,197,Los Angeles Country Club,"Los Angeles, CA",Hank Lebioda,70,7421,72.24,77,160
2023 U.S. Open,2023-06-16,2,96.0,66.5,0.0,11.9,238,Los Angeles Country Club,"Los Angeles, CA",Hank Lebioda,70,7421,72.24,83,160
